stock_id,date,eps
1101,2017-03-31,0.23
1101,2017-06-30,0.58
1101,2017-09-30,0.53
1101,2017-12-31,0.69
1101,2018-03-31,0.69
1101,2018-06-30,1.45
1101,2018-09-30,1.21
1101,2018-12-31,1.02
1101,2019-03-31,0.77
1101,2019-06-30,1.42
1101,2019-09-30,1.05
1101,2019-12-31,1.19
1101,2020-03-31,0.55
1101,2020-06-30,1.39
1101,2020-09-30,1.21
1101,2020-12-31,1.17
1101,2021-03-31,0.57
1101,2021-06-30,1.25
1101,2021-09-30,0.59
1101,2021-12-31,0.89
1101,2022-03-31,0.2
1101,2022-06-30,-0.04
1101,2022-09-30,0.22
1101,2022-12-31,0.36
1101,2023-03-31,0.2
1101,2023-06-30,0.44
1101,2023-09-30,0.18
1101,2023-12-31,0.24
1101,2024-03-31,0.26
1101,2024-06-30,0.25
1101,2024-09-30,0.42
1101,2024-12-31,0.52
1101,2025-03-31,0.07
1101,2025-06-30,0.0
1101,2025-09-30,-1.35
1102,2017-03-31,0.08
1102,2017-06-30,0.51
1102,2017-09-30,0.61
1102,2017-12-31,0.54
1102,2018-03-31,0.6
1102,2018-06-30,1.38
1102,2018-09-30,0.98
1102,2018-12-31,0.58
1102,2019-03-31,0.93
1102,2019-06-30,1.98
1102,2019-09-30,1.38
1102,2019-12-31,1.27
1102,2020-03-31,0.24
1102,2020-06-30,1.49
1102,2020-09-30,1.57
1102,2020-12-31,1.4
1102,2021-03-31,1.02
1102,2021-06-30,1.44
1102,2021-09-30,1.04
1102,2021-12-31,1.2
1102,2022-03-31,0.76
1102,2022-06-30,1.35
1102,2022-09-30,1.33
1102,2022-12-31,0.19
1102,2023-03-31,0.81
1102,2023-06-30,1.26
1102,2023-09-30,0.81
1102,2023-12-31,0.4
1102,2024-03-31,0.89
1102,2024-06-30,1.27
1102,2024-09-30,0.56
1102,2024-12-31,1.14
1102,2025-03-31,0.41
1102,2025-06-30,0.87
1102,2025-09-30,1.14
1103,2017-03-31,-0.17
1103,2017-06-30,0.01
1103,2017-09-30,0.09
1103,2017-12-31,1.46
1103,2018-03-31,0.24
1103,2018-06-30,0.38
1103,2018-09-30,0.75
1103,2018-12-31,-0.28
1103,2019-03-31,0.2
1103,2019-06-30,0.93
1103,2019-09-30,1.18
1103,2019-12-31,-0.29
1103,2020-03-31,-0.33
1103,2020-06-30,0.22
1103,2020-09-30,0.93
1103,2020-12-31,1.92
1103,2021-03-31,-0.2
1103,2021-06-30,-0.25
1103,2021-09-30,1.38
1103,2021-12-31,0.09
1103,2022-03-31,-0.12
1103,2022-06-30,-0.62
1103,2022-09-30,0.41
1103,2022-12-31,0.05
1103,2023-03-31,0.03
1103,2023-06-30,0.0
1103,2023-09-30,0.18
1103,2023-12-31,-0.09
1103,2024-03-31,-0.06
1103,2024-06-30,0.11
1103,2024-09-30,0.74
1103,2024-12-31,-0.31
1103,2025-03-31,0.13
1103,2025-06-30,-0.45
1103,2025-09-30,1.05
1104,2017-03-31,0.45
1104,2017-06-30,0.59
1104,2017-09-30,0.53
1104,2017-12-31,0.59
1104,2018-03-31,0.01
1104,2018-06-30,0.62
1104,2018-09-30,0.53
1104,2018-12-31,0.46
1104,2019-03-31,0.24
1104,2019-06-30,0.46
1104,2019-09-30,0.37
1104,2019-12-31,0.67
1104,2020-03-31,0.07
1104,2020-06-30,0.66
1104,2020-09-30,0.6
1104,2020-12-31,0.58
1104,2021-03-31,0.35
1104,2021-06-30,0.46
1104,2021-09-30,0.3
1104,2021-12-31,0.55
1104,2022-03-31,0.82
1104,2022-06-30,0.5
1104,2022-09-30,0.88
1104,2022-12-31,0.92
1104,2023-03-31,0.42
1104,2023-06-30,0.61
1104,2023-09-30,1.42
1104,2023-12-31,0.68
1104,2024-03-31,0.37
1104,2024-06-30,0.55
1104,2024-09-30,0.69
1104,2024-12-31,0.55
1104,2025-03-31,0.42
1104,2025-06-30,0.56
1104,2025-09-30,0.82
1108,2017-03-31,0.05
1108,2017-06-30,0.02
1108,2017-09-30,-0.02
1108,2017-12-31,-0.3
1108,2018-03-31,-0.01
1108,2018-06-30,-0.01
1108,2018-09-30,-0.1
1108,2018-12-31,-0.32
1108,2019-03-31,-0.07
1108,2019-06-30,0.03
1108,2019-09-30,0.04
1108,2019-12-31,0.11
1108,2020-03-31,0.23
1108,2020-06-30,0.33
1108,2020-09-30,0.25
1108,2020-12-31,0.16
1108,2021-03-31,0.13
1108,2021-06-30,0.2
1108,2021-09-30,0.09
1108,2021-12-31,0.23
1108,2022-03-31,0.14
1108,2022-06-30,0.28
1108,2022-09-30,0.33
1108,2022-12-31,0.69
1108,2023-03-31,0.31
1108,2023-06-30,0.38
1108,2023-09-30,0.47
1108,2023-12-31,0.14
1108,2024-03-31,0.3
1108,2024-06-30,0.33
1108,2024-09-30,0.27
1108,2024-12-31,0.32
1108,2025-03-31,0.32
1108,2025-06-30,1.4
1108,2025-09-30,0.3
1109,2017-03-31,0.09
1109,2017-06-30,0.33
1109,2017-09-30,0.3
1109,2017-12-31,0.6
1109,2018-03-31,0.34
1109,2018-06-30,0.35
1109,2018-09-30,0.71
1109,2018-12-31,0.98
1109,2019-03-31,0.37
1109,2019-06-30,0.67
1109,2019-09-30,0.83
1109,2019-12-31,0.95
1109,2020-03-31,0.27
1109,2020-06-30,0.66
1109,2020-09-30,0.79
1109,2020-12-31,1.22
1109,2021-03-31,0.83
1109,2021-06-30,0.47
1109,2021-09-30,0.31
1109,2021-12-31,0.91
1109,2022-03-31,0.26
1109,2022-06-30,-0.06
1109,2022-09-30,0.63
1109,2022-12-31,0.34
1109,2023-03-31,0.42
1109,2023-06-30,0.6
1109,2023-09-30,0.34
1109,2023-12-31,0.65
1109,2024-03-31,0.35
1109,2024-06-30,0.55
1109,2024-09-30,0.18
1109,2024-12-31,0.3
1109,2025-03-31,0.25
1109,2025-06-30,0.24
1109,2025-09-30,0.31
1110,2017-03-31,0.04
1110,2017-06-30,-0.05
1110,2017-09-30,0.02
1110,2017-12-31,0.1
1110,2018-03-31,0.03
1110,2018-06-30,0.07
1110,2018-09-30,0.06
1110,2018-12-31,-0.04
1110,2019-03-31,0.05
1110,2019-06-30,-0.01
1110,2019-09-30,0.03
1110,2019-12-31,-0.01
1110,2020-03-31,-0.05
1110,2020-06-30,0.02
1110,2020-09-30,0.04
1110,2020-12-31,0.03
1110,2021-03-31,0.03
1110,2021-06-30,0.05
1110,2021-09-30,0.13
1110,2021-12-31,0.04
1110,2022-03-31,0.05
1110,2022-06-30,-0.1
1110,2022-09-30,0.12
1110,2022-12-31,0.19
1110,2023-03-31,0.06
1110,2023-06-30,0.12
1110,2023-09-30,0.1
1110,2023-12-31,-0.02
1110,2024-03-31,0.05
1110,2024-06-30,0.1
1110,2024-09-30,0.35
1110,2024-12-31,0.11
1110,2025-03-31,0.08
1110,2025-06-30,-0.01
1110,2025-09-30,0.22
1201,2017-03-31,0.09
1201,2017-06-30,0.01
1201,2017-09-30,0.07
1201,2017-12-31,1.14
1201,2018-03-31,0.23
1201,2018-06-30,-0.11
1201,2018-09-30,1.9
1201,2018-12-31,-0.08
1201,2019-03-31,2.21
1201,2019-06-30,0.1
1201,2019-09-30,0.24
1201,2019-12-31,0.12
1201,2020-03-31,0.05
1201,2020-06-30,0.16
1201,2020-09-30,0.43
1201,2020-12-31,0.42
1201,2021-03-31,0.17
1201,2021-06-30,0.19
1201,2021-09-30,0.4
1201,2021-12-31,0.24
1201,2022-03-31,0.19
1201,2022-06-30,0.18
1201,2022-09-30,0.28
1201,2022-12-31,-0.18
1201,2023-03-31,0.25
1201,2023-06-30,0.07
1201,2023-09-30,0.13
1201,2023-12-31,0.08
1201,2024-03-31,0.26
1201,2024-06-30,0.2
1201,2024-09-30,0.28
1201,2024-12-31,0.13
1201,2025-03-31,0.22
1201,2025-06-30,0.05
1201,2025-09-30,0.16
1203,2017-03-31,0.37
1203,2017-06-30,0.48
1203,2017-09-30,0.64
1203,2017-12-31,0.37
1203,2018-03-31,0.31
1203,2018-06-30,0.55
1203,2018-09-30,0.58
1203,2018-12-31,0.38
1203,2019-03-31,0.5
1203,2019-06-30,0.52
1203,2019-09-30,0.44
1203,2019-12-31,0.46
1203,2020-03-31,0.5
1203,2020-06-30,0.43
1203,2020-09-30,0.56
1203,2020-12-31,0.32
1203,2021-03-31,0.55
1203,2021-06-30,0.53
1203,2021-09-30,0.44
1203,2021-12-31,0.36
1203,2022-03-31,0.59
1203,2022-06-30,0.17
1203,2022-09-30,1.5
1203,2022-12-31,0.37
1203,2023-03-31,0.33
1203,2023-06-30,0.38
1203,2023-09-30,0.64
1203,2023-12-31,0.45
1203,2024-03-31,0.64
1203,2024-06-30,0.5
1203,2024-09-30,0.44
1203,2024-12-31,0.78
1203,2025-03-31,0.58
1203,2025-06-30,0.06
1203,2025-09-30,0.64
1210,2017-03-31,0.74
1210,2017-06-30,0.55
1210,2017-09-30,0.95
1210,2017-12-31,1.04
1210,2018-03-31,1.16
1210,2018-06-30,0.48
1210,2018-09-30,0.48
1210,2018-12-31,0.63
1210,2019-03-31,0.65
1210,2019-06-30,0.77
1210,2019-09-30,0.9
1210,2019-12-31,0.61
1210,2020-03-31,0.72
1210,2020-06-30,0.94
1210,2020-09-30,1.28
1210,2020-12-31,1.05
1210,2021-03-31,1.01
1210,2021-06-30,0.51
1210,2021-09-30,0.32
1210,2021-12-31,0.48
1210,2022-03-31,0.69
1210,2022-06-30,0.64
1210,2022-09-30,0.55
1210,2022-12-31,0.71
1210,2023-03-31,0.9
1210,2023-06-30,1.27
1210,2023-09-30,1.51
1210,2023-12-31,1.13
1210,2024-03-31,1.0
1210,2024-06-30,0.94
1210,2024-09-30,1.0
1210,2024-12-31,1.27
1210,2025-03-31,1.05
1210,2025-06-30,0.69
1210,2025-09-30,0.93
1213,2017-03-31,0.09
1213,2017-06-30,-0.1
1213,2017-09-30,0.22
1213,2017-12-31,-0.17
1213,2018-03-31,0.03
1213,2018-06-30,0.01
1213,2018-09-30,-0.07
1213,2018-12-31,-1.55
1213,2019-03-31,-0.16
1213,2019-06-30,-0.25
1213,2019-09-30,-0.22
1213,2019-12-31,-0.13
1213,2020-03-31,-0.22
1213,2020-06-30,0.15
1213,2020-09-30,-0.11
1213,2020-12-31,-0.3
1213,2021-03-31,-0.24
1213,2021-06-30,-0.41
1213,2021-09-30,-0.72
1213,2021-12-31,-0.3
1213,2022-03-31,-0.47
1213,2022-06-30,-0.31
1213,2022-09-30,-0.3
1213,2022-12-31,-0.26
1213,2023-03-31,-0.34
1213,2023-06-30,-0.72
1213,2023-09-30,-0.65
1213,2023-12-31,-0.74
1213,2024-03-31,-0.43
1213,2024-06-30,0.0
1213,2024-09-30,-0.32
1213,2024-12-31,9.46
1213,2025-03-31,-0.23
1213,2025-06-30,-0.22
1213,2025-09-30,-0.2
1215,2017-03-31,1.53
1215,2017-06-30,1.18
1215,2017-09-30,1.19
1215,2017-12-31,1.45
1215,2018-03-31,0.98
1215,2018-06-30,0.49
1215,2018-09-30,0.9
1215,2018-12-31,1.18
1215,2019-03-31,0.9
1215,2019-06-30,1.46
1215,2019-09-30,1.15
1215,2019-12-31,1.95
1215,2020-03-31,0.87
1215,2020-06-30,1.74
1215,2020-09-30,2.02
1215,2020-12-31,1.55
1215,2021-03-31,1.45
1215,2021-06-30,1.46
1215,2021-09-30,1.07
1215,2021-12-31,1.08
1215,2022-03-31,1.22
1215,2022-06-30,1.82
1215,2022-09-30,1.01
1215,2022-12-31,1.23
1215,2023-03-31,1.43
1215,2023-06-30,2.04
1215,2023-09-30,2.2
1215,2023-12-31,2.03
1215,2024-03-31,1.25
1215,2024-06-30,1.28
1215,2024-09-30,1.74
1215,2024-12-31,2.28
1215,2025-03-31,2.38
1215,2025-06-30,2.57
1215,2025-09-30,2.99
1216,2017-03-31,0.79
1216,2017-06-30,0.82
1216,2017-09-30,1.01
1216,2017-12-31,4.39
1216,2018-03-31,0.75
1216,2018-06-30,0.97
1216,2018-09-30,0.89
1216,2018-12-31,0.46
1216,2019-03-31,0.93
1216,2019-06-30,1.01
1216,2019-09-30,0.91
1216,2019-12-31,0.5
1216,2020-03-31,0.79
1216,2020-06-30,1.12
1216,2020-09-30,1.26
1216,2020-12-31,0.62
1216,2021-03-31,0.95
1216,2021-06-30,0.95
1216,2021-09-30,1.0
1216,2021-12-31,0.6
1216,2022-03-31,0.75
1216,2022-06-30,0.85
1216,2022-09-30,0.97
1216,2022-12-31,0.45
1216,2023-03-31,0.88
1216,2023-06-30,1.09
1216,2023-09-30,0.98
1216,2023-12-31,0.28
1216,2024-03-31,0.97
1216,2024-06-30,1.04
1216,2024-09-30,1.08
1216,2024-12-31,0.55
1216,2025-03-31,0.91
1216,2025-06-30,0.97
1216,2025-09-30,1.05
1217,2017-03-31,-0.05
1217,2017-06-30,-0.07
1217,2017-09-30,0.12
1217,2017-12-31,0.27
1217,2018-03-31,0.08
1217,2018-06-30,-0.08
1217,2018-09-30,0.13
1217,2018-12-31,-0.03
1217,2019-03-31,0.03
1217,2019-06-30,0.01
1217,2019-09-30,0.16
1217,2019-12-31,-0.1
1217,2020-03-31,0.05
1217,2020-06-30,0.1
1217,2020-09-30,0.36
1217,2020-12-31,-0.04
1217,2021-03-31,0.14
1217,2021-06-30,0.23
1217,2021-09-30,0.18
1217,2021-12-31,-0.14
1217,2022-03-31,0.1
1217,2022-06-30,-0.03
1217,2022-09-30,0.52
1217,2022-12-31,-0.03
1217,2023-03-31,0.13
1217,2023-06-30,0.04
1217,2023-09-30,0.19
1217,2023-12-31,0.05
1217,2024-03-31,0.16
1217,2024-06-30,0.24
1217,2024-09-30,0.22
1217,2024-12-31,-0.04
1217,2025-03-31,-0.19
1217,2025-06-30,0.14
1217,2025-09-30,0.36
1218,2017-03-31,0.0
1218,2017-06-30,-0.01
1218,2017-09-30,0.89
1218,2017-12-31,0.05
1218,2018-03-31,0.19
1218,2018-06-30,0.28
1218,2018-09-30,0.44
1218,2018-12-31,0.07
1218,2019-03-31,0.22
1218,2019-06-30,0.28
1218,2019-09-30,0.54
1218,2019-12-31,0.16
1218,2020-03-31,0.26
1218,2020-06-30,0.47
1218,2020-09-30,0.7
1218,2020-12-31,0.32
1218,2021-03-31,0.34
1218,2021-06-30,0.28
1218,2021-09-30,0.29
1218,2021-12-31,0.31
1218,2022-03-31,0.29
1218,2022-06-30,0.27
1218,2022-09-30,0.32
1218,2022-12-31,11.29
1218,2023-03-31,-0.14
1218,2023-06-30,-0.79
1218,2023-09-30,0.36
1218,2023-12-31,0.4
1218,2024-03-31,0.32
1218,2024-06-30,0.42
1218,2024-09-30,0.55
1218,2024-12-31,0.24
1218,2025-03-31,0.37
1218,2025-06-30,0.29
1218,2025-09-30,0.41
1219,2017-03-31,0.11
1219,2017-06-30,-0.01
1219,2017-09-30,0.09
1219,2017-12-31,0.25
1219,2018-03-31,0.15
1219,2018-06-30,0.11
1219,2018-09-30,-0.34
1219,2018-12-31,0.05
1219,2019-03-31,0.1
1219,2019-06-30,0.04
1219,2019-09-30,0.09
1219,2019-12-31,0.4
1219,2020-03-31,0.83
1219,2020-06-30,0.23
1219,2020-09-30,0.42
1219,2020-12-31,0.43
1219,2021-03-31,0.73
1219,2021-06-30,0.15
1219,2021-09-30,-0.09
1219,2021-12-31,0.21
1219,2022-03-31,0.63
1219,2022-06-30,0.42
1219,2022-09-30,-0.1
1219,2022-12-31,0.05
1219,2023-03-31,0.19
1219,2023-06-30,0.23
1219,2023-09-30,0.28
1219,2023-12-31,0.24
1219,2024-03-31,0.15
1219,2024-06-30,0.17
1219,2024-09-30,0.04
1219,2024-12-31,0.17
1219,2025-03-31,0.1
1219,2025-06-30,-0.04
1219,2025-09-30,0.19
1220,2017-03-31,0.05
1220,2017-06-30,0.13
1220,2017-09-30,0.2
1220,2017-12-31,0.06
1220,2018-03-31,0.18
1220,2018-06-30,0.15
1220,2018-09-30,0.09
1220,2018-12-31,0.11
1220,2019-03-31,0.05
1220,2019-06-30,0.14
1220,2019-09-30,0.27
1220,2019-12-31,0.25
1220,2020-03-31,0.09
1220,2020-06-30,0.3
1220,2020-09-30,0.31
1220,2020-12-31,0.32
1220,2021-03-31,0.37
1220,2021-06-30,0.32
1220,2021-09-30,0.16
1220,2021-12-31,0.15
1220,2022-03-31,0.19
1220,2022-06-30,0.1
1220,2022-09-30,-0.09
1220,2022-12-31,0.06
1220,2023-03-31,-0.04
1220,2023-06-30,0.2
1220,2023-09-30,0.23
1220,2023-12-31,0.37
1220,2024-03-31,0.29
1220,2024-06-30,0.43
1220,2024-09-30,0.34
1220,2024-12-31,0.12
1220,2025-03-31,-0.1
1220,2025-06-30,-0.01
1220,2025-09-30,0.24
1225,2017-03-31,0.37
1225,2017-06-30,0.33
1225,2017-09-30,0.41
1225,2017-12-31,0.02
1225,2018-03-31,0.38
1225,2018-06-30,0.34
1225,2018-09-30,0.07
1225,2018-12-31,0.38
1225,2019-03-31,0.36
1225,2019-06-30,0.33
1225,2019-09-30,0.42
1225,2019-12-31,0.44
1225,2020-03-31,0.36
1225,2020-06-30,0.29
1225,2020-09-30,0.39
1225,2020-12-31,0.68
1225,2021-03-31,0.91
1225,2021-06-30,0.47
1225,2021-09-30,0.13
1225,2021-12-31,0.56
1225,2022-03-31,0.94
1225,2022-06-30,0.67
1225,2022-09-30,-0.05
1225,2022-12-31,0.13
1225,2023-03-31,0.3
1225,2023-06-30,0.18
1225,2023-09-30,0.54
1225,2023-12-31,0.58
1225,2024-03-31,0.31
1225,2024-06-30,0.59
1225,2024-09-30,0.3
1225,2024-12-31,0.3
1225,2025-03-31,0.38
1225,2025-06-30,0.42
1225,2025-09-30,0.32
1227,2017-03-31,0.68
1227,2017-06-30,0.24
1227,2017-09-30,0.74
1227,2017-12-31,0.73
1227,2018-03-31,0.82
1227,2018-06-30,0.39
1227,2018-09-30,1.19
1227,2018-12-31,0.85
1227,2019-03-31,0.87
1227,2019-06-30,0.67
1227,2019-09-30,1.15
1227,2019-12-31,1.07
1227,2020-03-31,0.67
1227,2020-06-30,1.08
1227,2020-09-30,1.04
1227,2020-12-31,0.75
1227,2021-03-31,0.62
1227,2021-06-30,0.9
1227,2021-09-30,0.65
1227,2021-12-31,0.53
1227,2022-03-31,0.36
1227,2022-06-30,0.18
1227,2022-09-30,0.53
1227,2022-12-31,0.27
1227,2023-03-31,0.29
1227,2023-06-30,0.2
1227,2023-09-30,0.55
1227,2023-12-31,0.31
1227,2024-03-31,0.52
1227,2024-06-30,0.33
1227,2024-09-30,0.54
1227,2024-12-31,0.52
1227,2025-03-31,0.39
1227,2025-06-30,0.13
1227,2025-09-30,0.42
1229,2017-03-31,0.5
1229,2017-06-30,0.68
1229,2017-09-30,1.22
1229,2017-12-31,0.71
1229,2018-03-31,0.57
1229,2018-06-30,0.67
1229,2018-09-30,0.6
1229,2018-12-31,0.51
1229,2019-03-31,1.0
1229,2019-06-30,0.25
1229,2019-09-30,0.85
1229,2019-12-31,0.41
1229,2020-03-31,0.2
1229,2020-06-30,0.94
1229,2020-09-30,0.62
1229,2020-12-31,0.67
1229,2021-03-31,0.98
1229,2021-06-30,1.18
1229,2021-09-30,0.43
1229,2021-12-31,0.33
1229,2022-03-31,0.91
1229,2022-06-30,0.95
1229,2022-09-30,0.35
1229,2022-12-31,0.42
1229,2023-03-31,0.74
1229,2023-06-30,0.73
1229,2023-09-30,0.67
1229,2023-12-31,0.5
1229,2024-03-31,0.7
1229,2024-06-30,0.74
1229,2024-09-30,0.44
1229,2024-12-31,0.58
1229,2025-03-31,0.55
1229,2025-06-30,0.74
1229,2025-09-30,0.71
1231,2017-03-31,0.47
1231,2017-06-30,0.46
1231,2017-09-30,0.79
1231,2017-12-31,0.82
1231,2018-03-31,0.84
1231,2018-06-30,0.43
1231,2018-09-30,0.95
1231,2018-12-31,1.04
1231,2019-03-31,0.66
1231,2019-06-30,0.56
1231,2019-09-30,0.54
1231,2019-12-31,1.24
1231,2020-03-31,0.56
1231,2020-06-30,0.74
1231,2020-09-30,1.08
1231,2020-12-31,1.36
1231,2021-03-31,1.02
1231,2021-06-30,0.85
1231,2021-09-30,0.83
1231,2021-12-31,1.33
1231,2022-03-31,1.09
1231,2022-06-30,0.58
1231,2022-09-30,1.04
1231,2022-12-31,1.18
1231,2023-03-31,1.04
1231,2023-06-30,0.3
1231,2023-09-30,0.67
1231,2023-12-31,1.92
1231,2024-03-31,1.18
1231,2024-06-30,0.87
1231,2024-09-30,0.66
1231,2024-12-31,1.51
1231,2025-03-31,0.46
1231,2025-06-30,0.84
1231,2025-09-30,0.94
1232,2017-03-31,1.06
1232,2017-06-30,1.26
1232,2017-09-30,1.47
1232,2017-12-31,1.32
1232,2018-03-31,1.23
1232,2018-06-30,1.46
1232,2018-09-30,1.21
1232,2018-12-31,1.77
1232,2019-03-31,1.86
1232,2019-06-30,1.32
1232,2019-09-30,1.45
1232,2019-12-31,1.46
1232,2020-03-31,1.66
1232,2020-06-30,1.58
1232,2020-09-30,2.17
1232,2020-12-31,2.67
1232,2021-03-31,3.05
1232,2021-06-30,1.68
1232,2021-09-30,0.85
1232,2021-12-31,2.18
1232,2022-03-31,2.98
1232,2022-06-30,2.36
1232,2022-09-30,0.78
1232,2022-12-31,1.54
1232,2023-03-31,2.17
1232,2023-06-30,1.61
1232,2023-09-30,1.69
1232,2023-12-31,2.06
1232,2024-03-31,1.76
1232,2024-06-30,2.66
1232,2024-09-30,1.6
1232,2024-12-31,2.22
1232,2025-03-31,1.93
1232,2025-06-30,2.0
1232,2025-09-30,1.91
1232,2025-12-31,2.41
1233,2017-03-31,0.5
1233,2017-06-30,0.44
1233,2017-09-30,0.54
1233,2017-12-31,0.46
1233,2018-03-31,0.43
1233,2018-06-30,0.61
1233,2018-09-30,0.52
1233,2018-12-31,0.37
1233,2019-03-31,0.49
1233,2019-06-30,0.46
1233,2019-09-30,0.43
1233,2019-12-31,0.35
1233,2020-03-31,0.08
1233,2020-06-30,0.06
1233,2020-09-30,0.27
1233,2020-12-31,0.22
1233,2021-03-31,0.18
1233,2021-06-30,-0.17
1233,2021-09-30,0.22
1233,2021-12-31,0.25
1233,2022-03-31,0.19
1233,2022-06-30,0.03
1233,2022-09-30,0.09
1233,2022-12-31,0.26
1233,2023-03-31,0.35
1233,2023-06-30,0.33
1233,2023-09-30,0.21
1233,2023-12-31,0.17
1233,2024-03-31,0.37
1233,2024-06-30,0.23
1233,2024-09-30,0.12
1233,2024-12-31,0.25
1233,2025-03-31,0.27
1233,2025-06-30,0.14
1233,2025-09-30,0.14
1234,2017-03-31,0.22
1234,2017-06-30,0.18
1234,2017-09-30,0.73
1234,2017-12-31,0.22
1234,2018-03-31,0.3
1234,2018-06-30,0.42
1234,2018-09-30,0.71
1234,2018-12-31,0.3
1234,2019-03-31,0.41
1234,2019-06-30,0.39
1234,2019-09-30,0.9
1234,2019-12-31,0.41
1234,2020-03-31,0.27
1234,2020-06-30,0.43
1234,2020-09-30,1.09
1234,2020-12-31,0.43
1234,2021-03-31,0.33
1234,2021-06-30,0.4
1234,2021-09-30,0.61
1234,2021-12-31,0.64
1234,2022-03-31,0.31
1234,2022-06-30,0.44
1234,2022-09-30,0.98
1234,2022-12-31,0.48
1234,2023-03-31,0.47
1234,2023-06-30,0.51
1234,2023-09-30,0.94
1234,2023-12-31,0.44
1234,2024-03-31,0.44
1234,2024-06-30,0.62
1234,2024-09-30,0.91
1234,2024-12-31,0.39
1234,2025-03-31,0.61
1234,2025-06-30,0.35
1234,2025-09-30,0.61
1235,2017-03-31,0.66
1235,2017-06-30,1.1
1235,2017-09-30,3.39
1235,2017-12-31,0.08
1235,2018-03-31,0.15
1235,2018-06-30,0.18
1235,2018-09-30,1.47
1235,2018-12-31,-0.55
1235,2019-03-31,-0.42
1235,2019-06-30,-0.14
1235,2019-09-30,1.1
1235,2019-12-31,-0.05
1235,2020-03-31,-0.17
1235,2020-06-30,0.05
1235,2020-09-30,0.95
1235,2020-12-31,-0.18
1235,2021-03-31,-0.13
1235,2021-06-30,-0.21
1235,2021-09-30,1.2
1235,2021-12-31,-0.05
1235,2022-03-31,0.24
1235,2022-06-30,0.22
1235,2022-09-30,0.93
1235,2022-12-31,-0.08
1235,2023-03-31,1.08
1235,2023-06-30,-0.77
1235,2023-09-30,1.59
1235,2023-12-31,-0.8
1235,2024-03-31,0.41
1235,2024-06-30,0.6
1235,2024-09-30,0.65
1235,2024-12-31,-1.58
1235,2025-03-31,0.12
1235,2025-06-30,0.59
1235,2025-09-30,-0.12
1236,2017-03-31,-0.07
1236,2017-06-30,-0.3
1236,2017-09-30,0.13
1236,2017-12-31,0.29
1236,2018-03-31,0.31
1236,2018-06-30,-0.47
1236,2018-09-30,-0.17
1236,2018-12-31,0.45
1236,2019-03-31,0.08
1236,2019-06-30,-0.48
1236,2019-09-30,0.1
1236,2019-12-31,0.45
1236,2020-03-31,0.13
1236,2020-06-30,-0.49
1236,2020-09-30,0.22
1236,2020-12-31,0.14
1236,2021-03-31,0.57
1236,2021-06-30,-0.68
1236,2021-09-30,-0.13
1236,2021-12-31,-0.01
1236,2022-03-31,3.89
1236,2022-06-30,-0.33
1236,2022-09-30,0.13
1236,2022-12-31,0.22
1236,2023-03-31,0.03
1236,2023-06-30,-0.16
1236,2023-09-30,0.26
1236,2023-12-31,0.03
1236,2024-03-31,0.09
1236,2024-06-30,-0.3
1236,2024-09-30,0.0
1236,2024-12-31,-0.07
1236,2025-03-31,0.06
1236,2025-06-30,-0.58
1236,2025-09-30,0.29
1236,2025-12-31,-0.2
1256,2017-03-31,1.59
1256,2017-06-30,3.52
1256,2017-09-30,4.15
1256,2017-12-31,0.75
1256,2018-03-31,2.13
1256,2018-06-30,5.08
1256,2018-09-30,5.26
1256,2018-12-31,1.88
1256,2019-03-31,2.96
1256,2019-06-30,5.2
1256,2019-09-30,5.5
1256,2019-12-31,2.54
1256,2020-03-31,0.35
1256,2020-06-30,6.26
1256,2020-09-30,11.62
1256,2020-12-31,4.76
1256,2021-03-31,5.88
1256,2021-06-30,6.98
1256,2021-09-30,7.78
1256,2021-12-31,0.3
1256,2022-03-31,1.31
1256,2022-06-30,2.06
1256,2022-09-30,6.57
1256,2022-12-31,1.98
1256,2023-03-31,1.34
1256,2023-06-30,6.1
1256,2023-09-30,5.32
1256,2023-12-31,-0.35
1256,2024-03-31,1.34
1256,2024-06-30,2.72
1256,2024-09-30,4.15
1256,2024-12-31,0.35
1256,2025-03-31,0.72
1256,2025-06-30,3.61
1256,2025-09-30,4.99
1301,2017-03-31,1.55
1301,2017-06-30,1.53
1301,2017-09-30,2.66
1301,2017-12-31,2.02
1301,2018-03-31,1.87
1301,2018-06-30,2.69
1301,2018-09-30,2.86
1301,2018-12-31,0.36
1301,2019-03-31,1.28
1301,2019-06-30,1.63
1301,2019-09-30,2.46
1301,2019-12-31,0.49
1301,2020-03-31,-0.06
1301,2020-06-30,-0.1
1301,2020-09-30,1.63
1301,2020-12-31,1.68
1301,2021-03-31,2.35
1301,2021-06-30,3.18
1301,2021-09-30,3.03
1301,2021-12-31,2.65
1301,2022-03-31,2.6
1301,2022-06-30,3.33
1301,2022-09-30,0.91
1301,2022-12-31,-1.16
1301,2023-03-31,0.37
1301,2023-06-30,0.19
1301,2023-09-30,1.05
1301,2023-12-31,-0.46
1301,2024-03-31,0.03
1301,2024-06-30,0.22
1301,2024-09-30,-0.49
1301,2024-12-31,0.05
1301,2025-03-31,0.01
1301,2025-06-30,-1.04
1301,2025-09-30,-0.1
1303,2017-03-31,1.37
1303,2017-06-30,1.14
1303,2017-09-30,2.1
1303,2017-12-31,2.26
1303,2018-03-31,1.7
1303,2018-06-30,2.1
1303,2018-09-30,2.3
1303,2018-12-31,0.55
1303,2019-03-31,0.64
1303,2019-06-30,0.74
1303,2019-09-30,1.01
1303,2019-12-31,0.52
1303,2020-03-31,0.13
1303,2020-06-30,0.27
1303,2020-09-30,1.31
1303,2020-12-31,1.53
1303,2021-03-31,2.23
1303,2021-06-30,2.9
1303,2021-09-30,2.92
1303,2021-12-31,2.2
1303,2022-03-31,1.9
1303,2022-06-30,1.81
1303,2022-09-30,0.42
1303,2022-12-31,-0.08
1303,2023-03-31,0.11
1303,2023-06-30,0.12
1303,2023-09-30,0.55
1303,2023-12-31,0.02
1303,2024-03-31,0.16
1303,2024-06-30,0.22
1303,2024-09-30,0.0
1303,2024-12-31,0.04
1303,2025-03-31,0.06
1303,2025-06-30,-0.52
1303,2025-09-30,0.41
1304,2017-03-31,0.29
1304,2017-06-30,0.21
1304,2017-09-30,0.34
1304,2017-12-31,0.22
1304,2018-03-31,0.24
1304,2018-06-30,0.25
1304,2018-09-30,0.11
1304,2018-12-31,-0.1
1304,2019-03-31,0.24
1304,2019-06-30,0.41
1304,2019-09-30,0.28
1304,2019-12-31,0.26
1304,2020-03-31,0.2
1304,2020-06-30,0.28
1304,2020-09-30,0.56
1304,2020-12-31,1.21
1304,2021-03-31,1.16
1304,2021-06-30,1.22
1304,2021-09-30,0.98
1304,2021-12-31,1.48
1304,2022-03-31,0.5
1304,2022-06-30,0.33
1304,2022-09-30,0.16
1304,2022-12-31,0.46
1304,2023-03-31,-0.09
1304,2023-06-30,0.03
1304,2023-09-30,0.21
1304,2023-12-31,-0.34
1304,2024-03-31,-0.37
1304,2024-06-30,-0.23
1304,2024-09-30,-0.62
1304,2024-12-31,-0.78
1304,2025-03-31,-0.59
1304,2025-06-30,-0.81
1304,2025-09-30,-0.45
1305,2017-03-31,0.79
1305,2017-06-30,0.49
1305,2017-09-30,0.56
1305,2017-12-31,0.74
1305,2018-03-31,1.1
1305,2018-06-30,0.72
1305,2018-09-30,0.48
1305,2018-12-31,0.22
1305,2019-03-31,0.36
1305,2019-06-30,0.08
1305,2019-09-30,0.33
1305,2019-12-31,0.45
1305,2020-03-31,0.59
1305,2020-06-30,-0.13
1305,2020-09-30,0.65
1305,2020-12-31,1.84
1305,2021-03-31,1.49
1305,2021-06-30,0.87
1305,2021-09-30,0.86
1305,2021-12-31,1.03
1305,2022-03-31,0.78
1305,2022-06-30,-0.16
1305,2022-09-30,-1.17
1305,2022-12-31,-0.09
1305,2023-03-31,0.4
1305,2023-06-30,0.0
1305,2023-09-30,0.25
1305,2023-12-31,-0.06
1305,2024-03-31,-0.05
1305,2024-06-30,0.16
1305,2024-09-30,-0.71
1305,2024-12-31,-0.62
1305,2025-03-31,-0.46
1305,2025-06-30,-0.7
1305,2025-09-30,-0.18
1307,2017-03-31,0.84
1307,2017-06-30,0.63
1307,2017-09-30,0.52
1307,2017-12-31,0.28
1307,2018-03-31,0.26
1307,2018-06-30,0.15
1307,2018-09-30,0.18
1307,2018-12-31,0.17
1307,2019-03-31,0.25
1307,2019-06-30,0.25
1307,2019-09-30,0.36
1307,2019-12-31,0.22
1307,2020-03-31,0.26
1307,2020-06-30,-0.2
1307,2020-09-30,0.25
1307,2020-12-31,0.24
1307,2021-03-31,0.51
1307,2021-06-30,0.14
1307,2021-09-30,-0.41
1307,2021-12-31,0.05
1307,2022-03-31,0.27
1307,2022-06-30,0.41
1307,2022-09-30,0.46
1307,2022-12-31,0.04
1307,2023-03-31,0.4
1307,2023-06-30,0.47
1307,2023-09-30,0.79
1307,2023-12-31,0.25
1307,2024-03-31,1.04
1307,2024-06-30,0.75
1307,2024-09-30,0.97
1307,2024-12-31,0.96
1307,2025-03-31,1.08
1307,2025-06-30,-0.12
1307,2025-09-30,1.05
1308,2017-03-31,0.3
1308,2017-06-30,0.33
1308,2017-09-30,0.29
1308,2017-12-31,0.17
1308,2018-03-31,0.16
1308,2018-06-30,0.13
1308,2018-09-30,0.19
1308,2018-12-31,0.04
1308,2019-03-31,0.25
1308,2019-06-30,0.37
1308,2019-09-30,0.37
1308,2019-12-31,0.49
1308,2020-03-31,0.26
1308,2020-06-30,0.37
1308,2020-09-30,0.33
1308,2020-12-31,0.94
1308,2021-03-31,0.95
1308,2021-06-30,1.59
1308,2021-09-30,1.1
1308,2021-12-31,1.58
1308,2022-03-31,0.39
1308,2022-06-30,0.78
1308,2022-09-30,0.76
1308,2022-12-31,0.51
1308,2023-03-31,-0.04
1308,2023-06-30,0.21
1308,2023-09-30,0.28
1308,2023-12-31,-0.25
1308,2024-03-31,-0.32
1308,2024-06-30,-0.12
1308,2024-09-30,-0.36
1308,2024-12-31,-0.46
1308,2025-03-31,-0.4
1308,2025-06-30,-0.5
1308,2025-09-30,-0.26
1309,2017-03-31,0.28
1309,2017-06-30,-0.2
1309,2017-09-30,0.71
1309,2017-12-31,0.74
1309,2018-03-31,0.58
1309,2018-06-30,0.59
1309,2018-09-30,0.0
1309,2018-12-31,-0.54
1309,2019-03-31,0.6
1309,2019-06-30,0.31
1309,2019-09-30,0.03
1309,2019-12-31,0.25
1309,2020-03-31,0.43
1309,2020-06-30,0.94
1309,2020-09-30,1.91
1309,2020-12-31,2.3
1309,2021-03-31,1.42
1309,2021-06-30,1.57
1309,2021-09-30,0.71
1309,2021-12-31,1.19
1309,2022-03-31,0.68
1309,2022-06-30,0.43
1309,2022-09-30,0.03
1309,2022-12-31,-0.1
1309,2023-03-31,-0.18
1309,2023-06-30,-0.04
1309,2023-09-30,-0.18
1309,2023-12-31,-0.29
1309,2024-03-31,-0.26
1309,2024-06-30,-0.09
1309,2024-09-30,-0.25
1309,2024-12-31,0.04
1309,2025-03-31,-0.14
1309,2025-06-30,-0.61
1309,2025-09-30,-0.18
1310,2017-03-31,0.83
1310,2017-06-30,0.19
1310,2017-09-30,0.71
1310,2017-12-31,0.27
1310,2018-03-31,0.75
1310,2018-06-30,0.65
1310,2018-09-30,0.8
1310,2018-12-31,0.1
1310,2019-03-31,0.63
1310,2019-06-30,0.59
1310,2019-09-30,0.39
1310,2019-12-31,0.06
1310,2020-03-31,-0.59
1310,2020-06-30,0.27
1310,2020-09-30,0.03
1310,2020-12-31,0.84
1310,2021-03-31,0.45
1310,2021-06-30,0.48
1310,2021-09-30,-0.28
1310,2021-12-31,-0.45
1310,2022-03-31,0.18
1310,2022-06-30,-0.28
1310,2022-09-30,-0.33
1310,2022-12-31,-0.28
1310,2023-03-31,0.0
1310,2023-06-30,-0.57
1310,2023-09-30,0.0
1310,2023-12-31,-0.31
1310,2024-03-31,-0.06
1310,2024-06-30,0.01
1310,2024-09-30,-0.34
1310,2024-12-31,-0.33
1310,2025-03-31,-0.34
1310,2025-06-30,-0.36
1310,2025-09-30,-0.24
1312,2017-03-31,0.86
1312,2017-06-30,0.22
1312,2017-09-30,1.36
1312,2017-12-31,1.2
1312,2018-03-31,1.08
1312,2018-06-30,0.88
1312,2018-09-30,1.04
1312,2018-12-31,0.26
1312,2019-03-31,0.65
1312,2019-06-30,0.77
1312,2019-09-30,0.53
1312,2019-12-31,0.32
1312,2020-03-31,0.02
1312,2020-06-30,0.76
1312,2020-09-30,1.56
1312,2020-12-31,2.18
1312,2021-03-31,2.13
1312,2021-06-30,1.82
1312,2021-09-30,1.61
1312,2021-12-31,0.91
1312,2022-03-31,0.65
1312,2022-06-30,-0.2
1312,2022-09-30,-0.69
1312,2022-12-31,-0.32
1312,2023-03-31,-0.16
1312,2023-06-30,-0.76
1312,2023-09-30,-0.22
1312,2023-12-31,-0.45
1312,2024-03-31,-0.44
1312,2024-06-30,-0.23
1312,2024-09-30,-0.29
1312,2024-12-31,-0.46
1312,2025-03-31,-0.61
1312,2025-06-30,-0.92
1312,2025-09-30,-1.33
1313,2017-03-31,0.27
1313,2017-06-30,0.21
1313,2017-09-30,1.09
1313,2017-12-31,0.45
1313,2018-03-31,0.37
1313,2018-06-30,0.09
1313,2018-09-30,0.22
1313,2018-12-31,-0.09
1313,2019-03-31,-0.11
1313,2019-06-30,-0.31
1313,2019-09-30,0.37
1313,2019-12-31,-0.06
1313,2020-03-31,-0.63
1313,2020-06-30,0.47
1313,2020-09-30,0.81
1313,2020-12-31,0.97
1313,2021-03-31,0.99
1313,2021-06-30,0.89
1313,2021-09-30,0.46
1313,2021-12-31,-0.68
1313,2022-03-31,0.74
1313,2022-06-30,-0.72
1313,2022-09-30,-0.65
1313,2022-12-31,-0.31
1313,2023-03-31,0.02
1313,2023-06-30,-0.48
1313,2023-09-30,0.39
1313,2023-12-31,-0.14
1313,2024-03-31,-0.59
1313,2024-06-30,-0.43
1313,2024-09-30,-0.55
1313,2024-12-31,-0.22
1313,2025-03-31,-0.2
1313,2025-06-30,-0.11
1313,2025-09-30,-0.25
1314,2017-03-31,0.57
1314,2017-06-30,1.28
1314,2017-09-30,0.26
1314,2017-12-31,0.44
1314,2018-03-31,0.41
1314,2018-06-30,0.45
1314,2018-09-30,0.61
1314,2018-12-31,0.12
1314,2019-03-31,0.11
1314,2019-06-30,0.23
1314,2019-09-30,0.06
1314,2019-12-31,0.21
1314,2020-03-31,0.0
1314,2020-06-30,0.14
1314,2020-09-30,-0.12
1314,2020-12-31,0.19
1314,2021-03-31,0.2
1314,2021-06-30,0.47
1314,2021-09-30,0.36
1314,2021-12-31,0.06
1314,2022-03-31,-0.09
1314,2022-06-30,-0.12
1314,2022-09-30,0.43
1314,2022-12-31,-0.16
1314,2023-03-31,-0.27
1314,2023-06-30,-0.21
1314,2023-09-30,-0.15
1314,2023-12-31,0.35
1314,2024-03-31,0.06
1314,2024-06-30,0.06
1314,2024-09-30,-0.15
1314,2024-12-31,0.1
1314,2025-03-31,-0.08
1314,2025-06-30,-0.43
1314,2025-09-30,-0.24
1315,2017-03-31,0.0
1315,2017-06-30,0.03
1315,2017-09-30,0.99
1315,2017-12-31,-0.12
1315,2018-03-31,-0.04
1315,2018-06-30,-0.05
1315,2018-09-30,1.56
1315,2018-12-31,-0.27
1315,2019-03-31,0.02
1315,2019-06-30,2.52
1315,2019-09-30,1.4
1315,2019-12-31,-0.29
1315,2020-03-31,0.05
1315,2020-06-30,27.38
1315,2020-09-30,2.15
1315,2020-12-31,2.39
1315,2021-03-31,0.24
1315,2021-06-30,-2.01
1315,2021-09-30,1.75
1315,2021-12-31,0.06
1315,2022-03-31,0.84
1315,2022-06-30,1.16
1315,2022-09-30,5.29
1315,2022-12-31,0.12
1315,2023-03-31,0.33
1315,2023-06-30,2.46
1315,2023-09-30,1.37
1315,2023-12-31,-0.5
1315,2024-03-31,0.42
1315,2024-06-30,0.62
1315,2024-09-30,0.46
1315,2024-12-31,0.65
1315,2025-03-31,0.16
1315,2025-06-30,-0.6
1315,2025-09-30,1.43
1316,2017-03-31,-0.33
1316,2017-06-30,-0.32
1316,2017-09-30,0.36
1316,2017-12-31,3.46
1316,2018-03-31,1.25
1316,2018-06-30,0.74
1316,2018-09-30,0.25
1316,2018-12-31,-0.85
1316,2019-03-31,-0.31
1316,2019-06-30,-0.22
1316,2019-09-30,-0.28
1316,2019-12-31,-0.15
1316,2020-03-31,-0.32
1316,2020-06-30,-0.26
1316,2020-09-30,0.63
1316,2020-12-31,0.15
1316,2021-03-31,-0.2
1316,2021-06-30,-0.07
1316,2021-09-30,-0.08
1316,2021-12-31,-0.15
1316,2022-03-31,-0.03
1316,2022-06-30,0.31
1316,2022-09-30,0.52
1316,2022-12-31,-0.1
1316,2023-03-31,-0.21
1316,2023-06-30,-0.13
1316,2023-09-30,-0.16
1316,2023-12-31,-0.18
1316,2024-03-31,-0.27
1316,2024-06-30,0.06
1316,2024-09-30,-0.11
1316,2024-12-31,-0.47
1316,2025-03-31,-0.34
1316,2025-06-30,-0.27
1316,2025-09-30,-0.13
1319,2017-03-31,0.86
1319,2017-06-30,0.99
1319,2017-09-30,1.0
1319,2017-12-31,1.11
1319,2018-03-31,0.84
1319,2018-06-30,0.98
1319,2018-09-30,0.62
1319,2018-12-31,0.82
1319,2019-03-31,0.85
1319,2019-06-30,0.9
1319,2019-09-30,0.75
1319,2019-12-31,0.86
1319,2020-03-31,0.63
1319,2020-06-30,-0.01
1319,2020-09-30,0.45
1319,2020-12-31,0.32
1319,2021-03-31,0.42
1319,2021-06-30,0.24
1319,2021-09-30,0.19
1319,2021-12-31,0.31
1319,2022-03-31,0.51
1319,2022-06-30,1.36
1319,2022-09-30,1.19
1319,2022-12-31,0.58
1319,2023-03-31,0.83
1319,2023-06-30,1.28
1319,2023-09-30,1.65
1319,2023-12-31,1.34
1319,2024-03-31,1.98
1319,2024-06-30,1.76
1319,2024-09-30,1.49
1319,2024-12-31,2.17
1319,2025-03-31,2.48
1319,2025-06-30,0.77
1319,2025-09-30,1.11
1321,2017-03-31,-0.32
1321,2017-06-30,-0.17
1321,2017-09-30,0.4
1321,2017-12-31,-0.28
1321,2018-03-31,0.18
1321,2018-06-30,-0.33
1321,2018-09-30,0.24
1321,2018-12-31,-0.42
1321,2019-03-31,0.14
1321,2019-06-30,-0.1
1321,2019-09-30,0.52
1321,2019-12-31,-0.03
1321,2020-03-31,1.37
1321,2020-06-30,0.57
1321,2020-09-30,0.68
1321,2020-12-31,0.62
1321,2021-03-31,1.13
1321,2021-06-30,-0.26
1321,2021-09-30,0.65
1321,2021-12-31,-0.07
1321,2022-03-31,-0.07
1321,2022-06-30,0.02
1321,2022-09-30,0.39
1321,2022-12-31,-0.53
1321,2023-03-31,0.59
1321,2023-06-30,0.09
1321,2023-09-30,0.22
1321,2023-12-31,-0.02
1321,2024-03-31,0.53
1321,2024-06-30,0.32
1321,2024-09-30,-0.11
1321,2024-12-31,0.02
1321,2025-03-31,-0.21
1321,2025-06-30,-0.39
1321,2025-09-30,-0.14
1323,2017-03-31,0.51
1323,2017-06-30,0.64
1323,2017-09-30,0.85
1323,2017-12-31,0.76
1323,2018-03-31,0.67
1323,2018-06-30,0.94
1323,2018-09-30,0.84
1323,2018-12-31,0.87
1323,2019-03-31,0.64
1323,2019-06-30,0.88
1323,2019-09-30,0.84
1323,2019-12-31,0.82
1323,2020-03-31,0.74
1323,2020-06-30,1.01
1323,2020-09-30,0.65
1323,2020-12-31,0.8
1323,2021-03-31,0.62
1323,2021-06-30,0.91
1323,2021-09-30,0.73
1323,2021-12-31,0.78
1323,2022-03-31,0.64
1323,2022-06-30,0.21
1323,2022-09-30,0.55
1323,2022-12-31,0.65
1323,2023-03-31,0.3
1323,2023-06-30,0.22
1323,2023-09-30,0.19
1323,2023-12-31,0.21
1323,2024-03-31,0.26
1323,2024-06-30,0.29
1323,2024-09-30,1.98
1323,2024-12-31,0.05
1323,2025-03-31,0.05
1323,2025-06-30,-0.05
1323,2025-09-30,0.06
1324,2017-03-31,1.02
1324,2017-06-30,-0.2
1324,2017-09-30,-0.03
1324,2017-12-31,0.01
1324,2018-03-31,-0.07
1324,2018-06-30,0.08
1324,2018-09-30,0.04
1324,2018-12-31,-0.03
1324,2019-03-31,-0.05
1324,2019-06-30,0.06
1324,2019-09-30,-0.03
1324,2019-12-31,0.06
1324,2020-03-31,0.11
1324,2020-06-30,-0.01
1324,2020-09-30,0.06
1324,2020-12-31,0.06
1324,2021-03-31,-0.04
1324,2021-06-30,0.0
1324,2021-09-30,-0.05
1324,2021-12-31,0.1
1324,2022-03-31,-0.03
1324,2022-06-30,-0.02
1324,2022-09-30,-0.01
1324,2022-12-31,0.12
1324,2023-03-31,0.09
1324,2023-06-30,0.12
1324,2023-09-30,0.24
1324,2023-12-31,0.08
1324,2024-03-31,0.0
1324,2024-06-30,0.02
1324,2024-09-30,-0.03
1324,2024-12-31,0.1
1324,2025-03-31,-0.08
1324,2025-06-30,-0.45
1324,2025-09-30,-0.13
1325,2017-03-31,0.02
1325,2017-06-30,0.14
1325,2017-09-30,0.17
1325,2017-12-31,0.18
1325,2018-03-31,0.1
1325,2018-06-30,0.28
1325,2018-09-30,0.15
1325,2018-12-31,0.17
1325,2019-03-31,0.13
1325,2019-06-30,0.14
1325,2019-09-30,0.06
1325,2019-12-31,0.1
1325,2020-03-31,1.45
1325,2020-06-30,7.21
1325,2020-09-30,8.04
1325,2020-12-31,6.46
1325,2021-03-31,1.84
1325,2021-06-30,1.63
1325,2021-09-30,-0.29
1325,2021-12-31,0.08
1325,2022-03-31,0.04
1325,2022-06-30,0.03
1325,2022-09-30,0.28
1325,2022-12-31,-0.16
1325,2023-03-31,-0.02
1325,2023-06-30,0.23
1325,2023-09-30,0.34
1325,2023-12-31,-0.34
1325,2024-03-31,0.16
1325,2024-06-30,-0.07
1325,2024-09-30,-0.22
1325,2024-12-31,-0.47
1325,2025-03-31,-0.02
1325,2025-06-30,-0.58
1325,2025-09-30,-0.05
1326,2017-03-31,2.0
1326,2017-06-30,1.45
1326,2017-09-30,3.1
1326,2017-12-31,2.78
1326,2018-03-31,2.22
1326,2018-06-30,2.45
1326,2018-09-30,3.39
1326,2018-12-31,0.3
1326,2019-03-31,1.46
1326,2019-06-30,0.99
1326,2019-09-30,2.18
1326,2019-12-31,0.26
1326,2020-03-31,-0.79
1326,2020-06-30,0.2
1326,2020-09-30,2.26
1326,2020-12-31,1.67
1326,2021-03-31,2.2
1326,2021-06-30,2.12
1326,2021-09-30,1.63
1326,2021-12-31,0.61
1326,2022-03-31,1.04
1326,2022-06-30,1.07
1326,2022-09-30,0.43
1326,2022-12-31,-1.28
1326,2023-03-31,-0.13
1326,2023-06-30,0.29
1326,2023-09-30,1.28
1326,2023-12-31,0.02
1326,2024-03-31,0.26
1326,2024-06-30,0.32
1326,2024-09-30,-0.33
1326,2024-12-31,-0.19
1326,2025-03-31,-0.08
1326,2025-06-30,-1.16
1326,2025-09-30,0.3
1337,2017-03-31,0.25
1337,2017-06-30,0.23
1337,2017-09-30,0.22
1337,2017-12-31,-0.02
1337,2018-03-31,-0.51
1337,2018-06-30,-0.56
1337,2018-09-30,-0.67
1337,2018-12-31,-5.28
1337,2019-03-31,-0.73
1337,2019-06-30,-0.69
1337,2019-09-30,-0.54
1337,2019-12-31,-0.43
1337,2020-03-31,-0.44
1337,2020-06-30,-0.42
1337,2020-09-30,-0.46
1337,2020-12-31,-3.56
1337,2021-03-31,-0.39
1337,2021-06-30,-0.38
1337,2021-09-30,-0.55
1337,2021-12-31,-0.39
1337,2022-03-31,-0.36
1337,2022-06-30,-0.45
1337,2022-09-30,-0.53
1337,2022-12-31,-0.43
1337,2023-03-31,-0.33
1337,2023-06-30,-0.35
1337,2023-09-30,-0.45
1337,2023-12-31,-0.4
1337,2024-03-31,-0.36
1337,2024-06-30,-0.34
1337,2024-09-30,-0.35
1337,2024-12-31,-0.49
1337,2025-03-31,-0.41
1337,2025-06-30,-0.39
1337,2025-09-30,-0.44
1338,2017-03-31,2.2
1338,2017-06-30,2.09
1338,2017-09-30,2.31
1338,2017-12-31,2.65
1338,2018-03-31,2.26
1338,2018-06-30,1.76
1338,2018-09-30,1.21
1338,2018-12-31,1.28
1338,2019-03-31,1.19
1338,2019-06-30,1.05
1338,2019-09-30,0.98
1338,2019-12-31,1.56
1338,2020-03-31,-0.16
1338,2020-06-30,0.31
1338,2020-09-30,1.12
1338,2020-12-31,2.24
1338,2021-03-31,1.37
1338,2021-06-30,0.29
1338,2021-09-30,1.01
1338,2021-12-31,1.37
1338,2022-03-31,1.62
1338,2022-06-30,-0.3
1338,2022-09-30,0.62
1338,2022-12-31,-0.31
1338,2023-03-31,-0.57
1338,2023-06-30,-1.13
1338,2023-09-30,0.21
1338,2023-12-31,-0.47
1338,2024-03-31,-0.3
1338,2024-06-30,0.1
1338,2024-09-30,-0.35
1338,2024-12-31,-0.59
1338,2025-03-31,-0.13
1338,2025-06-30,-2.0
1338,2025-09-30,0.13
1339,2017-03-31,-0.22
1339,2017-06-30,1.52
1339,2017-09-30,1.4
1339,2017-12-31,1.02
1339,2018-03-31,0.75
1339,2018-06-30,2.74
1339,2018-09-30,0.52
1339,2018-12-31,0.14
1339,2019-03-31,1.46
1339,2019-06-30,2.23
1339,2019-09-30,1.06
1339,2019-12-31,0.33
1339,2020-03-31,0.94
1339,2020-06-30,-0.27
1339,2020-09-30,0.52
1339,2020-12-31,0.4
1339,2021-03-31,0.78
1339,2021-06-30,-0.05
1339,2021-09-30,0.32
1339,2021-12-31,0.78
1339,2022-03-31,1.54
1339,2022-06-30,1.9
1339,2022-09-30,2.27
1339,2022-12-31,-0.2
1339,2023-03-31,0.87
1339,2023-06-30,1.64
1339,2023-09-30,2.03
1339,2023-12-31,1.34
1339,2024-03-31,1.8
1339,2024-06-30,1.22
1339,2024-09-30,1.05
1339,2024-12-31,0.94
1339,2025-03-31,0.97
1339,2025-06-30,-0.76
1339,2025-09-30,0.91
1340,2017-03-31,0.81
1340,2017-06-30,2.13
1340,2017-09-30,1.95
1340,2017-12-31,1.72
1340,2018-03-31,0.58
1340,2018-06-30,0.8
1340,2018-09-30,0.09
1340,2018-12-31,-0.5
1340,2019-03-31,-0.27
1340,2019-06-30,-0.52
1340,2019-09-30,-0.61
1340,2019-12-31,-1.47
1340,2020-03-31,-0.58
1340,2020-06-30,-0.54
1340,2020-09-30,-0.66
1340,2020-12-31,-0.77
1340,2021-03-31,-0.48
1340,2021-06-30,-0.77
1340,2021-09-30,-0.84
1340,2021-12-31,-1.26
1340,2022-03-31,-0.63
1340,2022-06-30,-0.68
1340,2022-09-30,-0.77
1340,2022-12-31,-0.73
1340,2023-03-31,-0.55
1340,2023-06-30,-0.64
1340,2023-09-30,-0.68
1340,2023-12-31,-3.77
1340,2024-03-31,-0.66
1340,2024-06-30,-0.77
1340,2024-09-30,-0.89
1340,2024-12-31,-2.96
1340,2025-03-31,-0.27
1340,2025-06-30,-0.42
1340,2025-09-30,-0.26
1341,2017-12-31,6.88
1341,2018-09-30,2.23
1341,2018-12-31,1.45
1341,2019-03-31,0.86
1341,2019-06-30,1.43
1341,2019-09-30,1.9
1341,2019-12-31,1.5
1341,2020-03-31,1.41
1341,2020-06-30,0.6
1341,2020-09-30,2.0
1341,2020-12-31,2.28
1341,2021-03-31,2.18
1341,2021-06-30,1.73
1341,2021-09-30,0.58
1341,2021-12-31,1.5
1341,2022-03-31,1.49
1341,2022-06-30,1.65
1341,2022-09-30,1.4
1341,2022-12-31,1.41
1341,2023-03-31,1.37
1341,2023-06-30,1.15
1341,2023-09-30,0.94
1341,2023-12-31,1.02
1341,2024-03-31,1.46
1341,2024-06-30,1.2
1341,2024-09-30,1.03
1341,2024-12-31,1.69
1341,2025-03-31,1.25
1341,2025-06-30,0.28
1341,2025-09-30,0.79
1342,2018-12-31,3.79
1342,2019-06-30,1.5
1342,2019-12-31,1.58
1342,2020-03-31,0.97
1342,2020-06-30,0.47
1342,2020-09-30,1.21
1342,2020-12-31,0.5
1342,2021-03-31,0.75
1342,2021-06-30,0.84
1342,2021-09-30,1.12
1342,2021-12-31,1.21
1342,2022-03-31,1.52
1342,2022-06-30,1.86
1342,2022-09-30,1.91
1342,2022-12-31,2.05
1342,2023-03-31,1.49
1342,2023-06-30,2.01
1342,2023-09-30,2.18
1342,2023-12-31,1.84
1342,2024-03-31,1.75
1342,2024-06-30,1.61
1342,2024-09-30,1.46
1342,2024-12-31,1.45
1342,2025-03-31,1.79
1342,2025-06-30,0.88
1342,2025-09-30,1.35
1342,2025-12-31,1.6
1402,2017-03-31,0.26
1402,2017-06-30,0.31
1402,2017-09-30,0.72
1402,2017-12-31,0.32
1402,2018-03-31,0.49
1402,2018-06-30,0.99
1402,2018-09-30,0.69
1402,2018-12-31,0.24
1402,2019-03-31,0.4
1402,2019-06-30,0.7
1402,2019-09-30,0.59
1402,2019-12-31,0.46
1402,2020-03-31,0.3
1402,2020-06-30,0.44
1402,2020-09-30,0.6
1402,2020-12-31,0.28
1402,2021-03-31,0.54
1402,2021-06-30,0.71
1402,2021-09-30,0.45
1402,2021-12-31,0.24
1402,2022-03-31,0.55
1402,2022-06-30,0.62
1402,2022-09-30,0.46
1402,2022-12-31,0.0
1402,2023-03-31,0.29
1402,2023-06-30,0.46
1402,2023-09-30,0.39
1402,2023-12-31,0.5
1402,2024-03-31,0.32
1402,2024-06-30,0.68
1402,2024-09-30,0.4
1402,2024-12-31,0.6
1402,2025-03-31,0.46
1402,2025-06-30,0.2
1402,2025-09-30,0.42
1409,2017-03-31,0.03
1409,2017-06-30,0.17
1409,2017-09-30,0.25
1409,2017-12-31,0.15
1409,2018-03-31,0.13
1409,2018-06-30,0.56
1409,2018-09-30,0.57
1409,2018-12-31,0.26
1409,2019-03-31,0.2
1409,2019-06-30,0.32
1409,2019-09-30,0.46
1409,2019-12-31,0.13
1409,2020-03-31,0.05
1409,2020-06-30,0.88
1409,2020-09-30,0.44
1409,2020-12-31,0.42
1409,2021-03-31,0.44
1409,2021-06-30,0.67
1409,2021-09-30,0.75
1409,2021-12-31,0.55
1409,2022-03-31,0.54
1409,2022-06-30,0.51
1409,2022-09-30,0.69
1409,2022-12-31,0.01
1409,2023-03-31,0.02
1409,2023-06-30,0.13
1409,2023-09-30,0.26
1409,2023-12-31,0.06
1409,2024-03-31,0.22
1409,2024-06-30,0.27
1409,2024-09-30,0.34
1409,2024-12-31,0.23
1409,2025-03-31,0.25
1409,2025-06-30,-0.07
1409,2025-09-30,0.79
1410,2017-03-31,0.22
1410,2017-06-30,0.41
1410,2017-09-30,0.32
1410,2017-12-31,0.33
1410,2018-03-31,0.25
1410,2018-06-30,0.48
1410,2018-09-30,0.36
1410,2018-12-31,0.35
1410,2019-03-31,0.2
1410,2019-06-30,0.27
1410,2019-09-30,0.29
1410,2019-12-31,0.18
1410,2020-03-31,0.26
1410,2020-06-30,0.19
1410,2020-09-30,0.22
1410,2020-12-31,0.28
1410,2021-03-31,0.26
1410,2021-06-30,0.38
1410,2021-09-30,0.33
1410,2021-12-31,0.32
1410,2022-03-31,0.13
1410,2022-06-30,0.24
1410,2022-09-30,0.25
1410,2022-12-31,0.28
1410,2023-03-31,0.09
1410,2023-06-30,0.11
1410,2023-09-30,0.12
1410,2023-12-31,-0.08
1410,2024-03-31,0.22
1410,2024-06-30,0.11
1410,2024-09-30,0.09
1410,2024-12-31,0.15
1410,2025-03-31,0.08
1410,2025-06-30,-0.1
1410,2025-09-30,0.43
1413,2017-03-31,-0.05
1413,2017-06-30,0.22
1413,2017-09-30,0.3
1413,2017-12-31,0.41
1413,2018-03-31,0.39
1413,2018-06-30,0.61
1413,2018-09-30,0.35
1413,2018-12-31,0.48
1413,2019-03-31,0.29
1413,2019-06-30,0.27
1413,2019-09-30,0.06
1413,2019-12-31,-0.1
1413,2020-03-31,-0.29
1413,2020-06-30,-0.48
1413,2020-09-30,-0.28
1413,2020-12-31,-0.18
1413,2021-03-31,0.05
1413,2021-06-30,0.19
1413,2021-09-30,0.22
1413,2021-12-31,0.34
1413,2022-03-31,0.34
1413,2022-06-30,0.51
1413,2022-09-30,-0.05
1413,2022-12-31,-0.05
1413,2023-03-31,-0.26
1413,2023-06-30,-0.27
1413,2023-09-30,-0.3
1413,2023-12-31,-0.18
1413,2024-03-31,-0.11
1413,2024-06-30,-0.11
1413,2024-09-30,0.03
1413,2024-12-31,0.02
1413,2025-03-31,-0.1
1413,2025-06-30,0.42
1413,2025-09-30,0.11
1413,2025-12-31,0.02
1414,2017-03-31,-0.02
1414,2017-06-30,0.03
1414,2017-09-30,0.48
1414,2017-12-31,-0.08
1414,2018-03-31,0.02
1414,2018-06-30,0.05
1414,2018-09-30,0.1
1414,2018-12-31,0.0
1414,2019-03-31,-0.05
1414,2019-06-30,-0.03
1414,2019-09-30,0.02
1414,2019-12-31,0.23
1414,2020-03-31,-0.1
1414,2020-06-30,0.09
1414,2020-09-30,0.22
1414,2020-12-31,0.06
1414,2021-03-31,0.08
1414,2021-06-30,0.14
1414,2021-09-30,0.28
1414,2021-12-31,0.15
1414,2022-03-31,0.11
1414,2022-06-30,0.2
1414,2022-09-30,0.2
1414,2022-12-31,-0.04
1414,2023-03-31,-0.04
1414,2023-06-30,0.08
1414,2023-09-30,0.06
1414,2023-12-31,0.05
1414,2024-03-31,0.08
1414,2024-06-30,0.08
1414,2024-09-30,0.1
1414,2024-12-31,0.0
1414,2025-03-31,-0.02
1414,2025-06-30,0.04
1414,2025-09-30,0.1
1416,2017-03-31,0.69
1416,2017-06-30,0.27
1416,2017-09-30,-0.19
1416,2017-12-31,0.36
1416,2018-03-31,0.44
1416,2018-06-30,-0.15
1416,2018-09-30,-0.03
1416,2018-12-31,1.09
1416,2019-03-31,0.08
1416,2019-06-30,-0.05
1416,2019-09-30,-0.24
1416,2019-12-31,-0.51
1416,2020-03-31,-0.17
1416,2020-06-30,-0.85
1416,2020-09-30,-0.01
1416,2020-12-31,-0.82
1416,2021-03-31,-0.21
1416,2021-06-30,0.64
1416,2021-09-30,0.05
1416,2021-12-31,-0.04
1416,2022-03-31,-0.19
1416,2022-06-30,0.36
1416,2022-09-30,0.38
1416,2022-12-31,-0.04
1416,2023-03-31,-0.01
1416,2023-06-30,0.01
1416,2023-09-30,0.64
1416,2023-12-31,-0.13
1416,2024-03-31,0.15
1416,2024-06-30,0.28
1416,2024-09-30,0.23
1416,2024-12-31,0.13
1416,2025-03-31,0.12
1416,2025-06-30,0.13
1416,2025-09-30,0.4
1417,2017-03-31,-0.37
1417,2017-06-30,-0.21
1417,2017-09-30,-0.25
1417,2017-12-31,-0.38
1417,2018-03-31,-0.16
1417,2018-06-30,-0.07
1417,2018-09-30,-0.16
1417,2018-12-31,-0.22
1417,2019-03-31,-0.12
1417,2019-06-30,0.01
1417,2019-09-30,-0.1
1417,2019-12-31,1.39
1417,2020-03-31,-0.32
1417,2020-06-30,-0.14
1417,2020-09-30,-1.23
1417,2020-12-31,-0.17
1417,2021-03-31,0.52
1417,2021-06-30,0.18
1417,2021-09-30,0.13
1417,2021-12-31,-0.32
1417,2022-03-31,0.04
1417,2022-06-30,0.01
1417,2022-09-30,0.27
1417,2022-12-31,0.24
1417,2023-03-31,0.07
1417,2023-06-30,0.03
1417,2023-09-30,-0.02
1417,2023-12-31,-0.45
1417,2024-03-31,-0.02
1417,2024-06-30,-0.16
1417,2024-09-30,-0.16
1417,2024-12-31,-0.47
1417,2025-03-31,-0.06
1417,2025-06-30,0.07
1417,2025-09-30,0.17
1418,2017-03-31,-0.48
1418,2017-06-30,-0.75
1418,2017-09-30,-4.15
1418,2017-12-31,-2.04
1418,2018-03-31,-1.11
1418,2018-06-30,-0.66
1418,2018-09-30,-1.05
1418,2018-12-31,-1.19
1418,2019-03-31,-0.75
1418,2019-06-30,-0.97
1418,2019-09-30,-1.15
1418,2019-12-31,-1.07
1418,2020-03-31,-1.1
1418,2020-06-30,-1.22
1418,2020-09-30,-1.12
1418,2020-12-31,-0.76
1418,2021-03-31,-2.66
1418,2021-06-30,-0.92
1418,2021-09-30,-0.6
1418,2021-12-31,1.08
1418,2022-03-31,-0.5
1418,2022-06-30,-0.51
1418,2022-09-30,-0.49
1418,2022-12-31,1.9
1418,2023-03-31,-0.42
1418,2023-06-30,-0.55
1418,2023-09-30,-0.4
1418,2023-12-31,2.11
1418,2024-03-31,-0.65
1418,2024-06-30,-0.45
1418,2024-09-30,-0.47
1418,2024-12-31,2.04
1418,2025-03-31,-0.69
1418,2025-06-30,-0.83
1418,2025-09-30,-0.72
1419,2017-03-31,-0.17
1419,2017-06-30,-0.04
1419,2017-09-30,0.57
1419,2017-12-31,3.79
1419,2018-03-31,-0.19
1419,2018-06-30,0.18
1419,2018-09-30,0.86
1419,2018-12-31,0.09
1419,2019-03-31,-0.01
1419,2019-06-30,0.18
1419,2019-09-30,0.96
1419,2019-12-31,0.16
1419,2020-03-31,0.05
1419,2020-06-30,0.04
1419,2020-09-30,0.84
1419,2020-12-31,0.29
1419,2021-03-31,0.22
1419,2021-06-30,0.1
1419,2021-09-30,1.02
1419,2021-12-31,0.17
1419,2022-03-31,4.77
1419,2022-06-30,0.94
1419,2022-09-30,0.88
1419,2022-12-31,0.33
1419,2023-03-31,0.3
1419,2023-06-30,0.56
1419,2023-09-30,0.97
1419,2023-12-31,0.34
1419,2024-03-31,0.3
1419,2024-06-30,0.71
1419,2024-09-30,0.8
1419,2024-12-31,1.09
1419,2025-03-31,0.33
1419,2025-06-30,1.09
1419,2025-09-30,1.95
1423,2017-03-31,0.03
1423,2017-06-30,0.13
1423,2017-09-30,0.1
1423,2017-12-31,0.01
1423,2018-03-31,0.1
1423,2018-06-30,0.2
1423,2018-09-30,0.24
1423,2018-12-31,0.1
1423,2019-03-31,0.08
1423,2019-06-30,-0.07
1423,2019-09-30,-0.22
1423,2019-12-31,-0.05
1423,2020-03-31,-0.33
1423,2020-06-30,-0.25
1423,2020-09-30,-0.25
1423,2020-12-31,3.39
1423,2021-03-31,0.14
1423,2021-06-30,1.11
1423,2021-09-30,-0.26
1423,2021-12-31,0.12
1423,2022-03-31,0.19
1423,2022-06-30,0.1
1423,2022-09-30,0.14
1423,2022-12-31,0.1
1423,2023-03-31,0.21
1423,2023-06-30,-0.01
1423,2023-09-30,0.42
1423,2023-12-31,-0.05
1423,2024-03-31,0.02
1423,2024-06-30,0.26
1423,2024-09-30,0.32
1423,2024-12-31,0.21
1423,2025-03-31,0.74
1423,2025-06-30,0.62
1423,2025-09-30,2.7
1432,2017-03-31,-0.46
1432,2017-06-30,-0.5
1432,2017-09-30,-0.45
1432,2017-12-31,0.56
1432,2018-03-31,-0.33
1432,2018-06-30,-0.33
1432,2018-09-30,-0.06
1432,2018-12-31,-0.38
1432,2019-03-31,-0.33
1432,2019-06-30,-0.36
1432,2019-09-30,-0.31
1432,2019-12-31,-2.04
1432,2020-03-31,-0.12
1432,2020-06-30,-0.52
1432,2020-09-30,0.65
1432,2020-12-31,-0.01
1432,2021-03-31,-0.08
1432,2021-06-30,-1.07
1432,2021-09-30,-0.64
1432,2021-12-31,-0.26
1432,2022-03-31,0.01
1432,2022-06-30,-0.77
1432,2022-09-30,0.45
1432,2022-12-31,-0.04
1432,2023-03-31,0.17
1432,2023-06-30,0.11
1432,2023-09-30,0.48
1432,2023-12-31,-0.09
1432,2024-03-31,0.0
1432,2024-06-30,-0.12
1432,2024-09-30,-0.07
1432,2024-12-31,-0.28
1432,2025-03-31,0.05
1432,2025-06-30,-0.23
1432,2025-09-30,-0.18
1434,2017-03-31,0.26
1434,2017-06-30,1.58
1434,2017-09-30,0.45
1434,2017-12-31,0.25
1434,2018-03-31,0.17
1434,2018-06-30,0.74
1434,2018-09-30,1.81
1434,2018-12-31,0.1
1434,2019-03-31,0.25
1434,2019-06-30,1.33
1434,2019-09-30,0.35
1434,2019-12-31,1.15
1434,2020-03-31,0.21
1434,2020-06-30,0.76
1434,2020-09-30,0.09
1434,2020-12-31,0.19
1434,2021-03-31,0.34
1434,2021-06-30,0.33
1434,2021-09-30,0.39
1434,2021-12-31,0.21
1434,2022-03-31,0.33
1434,2022-06-30,1.21
1434,2022-09-30,0.35
1434,2022-12-31,0.13
1434,2023-03-31,0.05
1434,2023-06-30,0.28
1434,2023-09-30,0.03
1434,2023-12-31,-0.1
1434,2024-03-31,0.11
1434,2024-06-30,0.14
1434,2024-09-30,0.57
1434,2024-12-31,0.07
1434,2025-03-31,0.11
1434,2025-06-30,-0.02
1434,2025-09-30,0.2
1435,2017-03-31,-0.01
1435,2017-06-30,0.03
1435,2017-09-30,0.04
1435,2017-12-31,-0.05
1435,2018-03-31,-0.04
1435,2018-06-30,0.09
1435,2018-09-30,-0.07
1435,2018-12-31,-0.08
1435,2019-03-31,0.1
1435,2019-06-30,0.01
1435,2019-09-30,-0.02
1435,2019-12-31,0.07
1435,2020-03-31,-0.1
1435,2020-06-30,0.03
1435,2020-09-30,-0.09
1435,2020-12-31,-0.01
1435,2021-03-31,-0.07
1435,2021-06-30,-0.25
1435,2021-09-30,-0.07
1435,2021-12-31,0.44
1435,2022-03-31,0.9
1435,2022-06-30,0.46
1435,2022-09-30,-0.94
1435,2022-12-31,-2.07
1435,2023-03-31,-0.02
1435,2023-06-30,-0.14
1435,2023-09-30,-0.08
1435,2023-12-31,-0.06
1435,2024-03-31,-0.03
1435,2024-06-30,-0.05
1435,2024-09-30,-0.09
1435,2024-12-31,-0.1
1435,2025-03-31,-0.11
1435,2025-06-30,-0.08
1435,2025-09-30,-0.07
1436,2017-03-31,0.4
1436,2017-06-30,0.76
1436,2017-09-30,0.76
1436,2017-12-31,1.23
1436,2018-03-31,1.52
1436,2018-06-30,0.66
1436,2018-09-30,0.75
1436,2018-12-31,1.55
1436,2019-03-31,0.76
1436,2019-06-30,-0.14
1436,2019-09-30,-0.33
1436,2019-12-31,2.16
1436,2020-03-31,0.39
1436,2020-06-30,0.24
1436,2020-09-30,1.8
1436,2020-12-31,-0.55
1436,2021-03-31,0.87
1436,2021-06-30,3.61
1436,2021-09-30,0.91
1436,2021-12-31,-0.31
1436,2022-03-31,-0.49
1436,2022-06-30,1.01
1436,2022-09-30,5.06
1436,2022-12-31,0.96
1436,2023-03-31,-0.4
1436,2023-06-30,-0.14
1436,2023-09-30,0.27
1436,2023-12-31,9.96
1436,2024-03-31,-0.36
1436,2024-06-30,5.84
1436,2024-09-30,12.87
1436,2024-12-31,1.58
1436,2025-03-31,0.6
1436,2025-06-30,2.05
1436,2025-09-30,3.36
1436,2025-12-31,-0.62
1437,2017-03-31,0.69
1437,2017-06-30,0.25
1437,2017-09-30,0.37
1437,2017-12-31,0.29
1437,2018-03-31,0.44
1437,2018-06-30,0.32
1437,2018-09-30,0.29
1437,2018-12-31,0.18
1437,2019-03-31,0.64
1437,2019-06-30,3.04
1437,2019-09-30,0.36
1437,2019-12-31,0.29
1437,2020-03-31,0.17
1437,2020-06-30,0.5
1437,2020-09-30,0.49
1437,2020-12-31,0.6
1437,2021-03-31,0.67
1437,2021-06-30,0.49
1437,2021-09-30,0.5
1437,2021-12-31,0.59
1437,2022-03-31,0.41
1437,2022-06-30,0.46
1437,2022-09-30,0.57
1437,2022-12-31,0.56
1437,2023-03-31,0.62
1437,2023-06-30,0.63
1437,2023-09-30,1.0
1437,2023-12-31,0.57
1437,2024-03-31,0.81
1437,2024-06-30,1.06
1437,2024-09-30,0.88
1437,2024-12-31,0.5
1437,2025-03-31,0.34
1437,2025-06-30,-0.18
1437,2025-09-30,1.44
1438,2017-03-31,-0.02
1438,2017-06-30,-0.01
1438,2017-09-30,-0.01
1438,2017-12-31,-0.01
1438,2018-03-31,-0.02
1438,2018-06-30,-0.01
1438,2018-09-30,-0.01
1438,2018-12-31,-0.08
1438,2019-03-31,0.01
1438,2019-06-30,-0.01
1438,2019-09-30,-0.09
1438,2019-12-31,-0.01
1438,2020-03-31,0.46
1438,2020-06-30,0.05
1438,2020-09-30,-0.03
1438,2020-12-31,-0.03
1438,2021-03-31,-0.06
1438,2021-06-30,-0.07
1438,2021-09-30,0.31
1438,2021-12-31,0.39
1438,2022-03-31,0.02
1438,2022-06-30,5.61
1438,2022-09-30,-0.31
1438,2022-12-31,-0.15
1438,2023-03-31,0.23
1438,2023-06-30,-0.39
1438,2023-09-30,-0.25
1438,2023-12-31,-0.3
1438,2024-03-31,-0.11
1438,2024-06-30,-0.39
1438,2024-09-30,-0.51
1438,2024-12-31,-0.53
1438,2025-03-31,-0.37
1438,2025-06-30,-0.26
1438,2025-09-30,-0.27
1439,2017-03-31,-0.02
1439,2017-06-30,-0.02
1439,2017-09-30,-0.02
1439,2017-12-31,-0.01
1439,2018-03-31,-0.03
1439,2018-06-30,-0.15
1439,2018-09-30,-0.29
1439,2018-12-31,-0.28
1439,2019-03-31,-0.07
1439,2019-06-30,10.03
1439,2019-09-30,0.01
1439,2019-12-31,0.49
1439,2020-03-31,-0.08
1439,2020-06-30,-0.25
1439,2020-09-30,0.28
1439,2020-12-31,-2.6
1439,2021-03-31,0.33
1439,2021-06-30,-0.04
1439,2021-09-30,0.5
1439,2021-12-31,0.6
1439,2022-03-31,0.31
1439,2022-06-30,0.23
1439,2022-09-30,0.75
1439,2022-12-31,-0.15
1439,2023-03-31,0.54
1439,2023-06-30,0.56
1439,2023-09-30,0.27
1439,2023-12-31,0.63
1439,2024-03-31,0.54
1439,2024-06-30,0.13
1439,2024-09-30,0.38
1439,2024-12-31,0.69
1439,2025-03-31,0.73
1439,2025-06-30,0.49
1439,2025-09-30,0.87
1440,2017-03-31,0.07
1440,2017-06-30,0.16
1440,2017-09-30,0.13
1440,2017-12-31,0.09
1440,2018-03-31,0.1
1440,2018-06-30,0.34
1440,2018-09-30,0.25
1440,2018-12-31,-0.04
1440,2019-03-31,0.02
1440,2019-06-30,0.05
1440,2019-09-30,-0.03
1440,2019-12-31,0.02
1440,2020-03-31,0.06
1440,2020-06-30,-0.1
1440,2020-09-30,0.19
1440,2020-12-31,0.42
1440,2021-03-31,0.68
1440,2021-06-30,0.61
1440,2021-09-30,0.27
1440,2021-12-31,0.21
1440,2022-03-31,0.46
1440,2022-06-30,0.25
1440,2022-09-30,0.18
1440,2022-12-31,-0.19
1440,2023-03-31,-0.29
1440,2023-06-30,-0.04
1440,2023-09-30,-0.04
1440,2023-12-31,1.64
1440,2024-03-31,-0.06
1440,2024-06-30,-0.04
1440,2024-09-30,-0.03
1440,2024-12-31,-0.21
1440,2025-03-31,-0.05
1440,2025-06-30,0.01
1440,2025-09-30,0.0
1441,2017-03-31,-1.23
1441,2017-06-30,-0.37
1441,2017-09-30,-1.09
1441,2017-12-31,-1.13
1441,2018-03-31,-0.95
1441,2018-06-30,15.51
1441,2018-09-30,-0.87
1441,2018-12-31,-2.03
1441,2019-03-31,-0.89
1441,2019-06-30,-1.21
1441,2019-09-30,-0.23
1441,2019-12-31,-0.73
1441,2020-03-31,-1.01
1441,2020-06-30,-0.92
1441,2020-09-30,-0.26
1441,2020-12-31,-0.27
1441,2021-03-31,-0.03
1441,2021-06-30,-0.04
1441,2021-09-30,-0.26
1441,2021-12-31,-0.42
1441,2022-03-31,-0.03
1441,2022-06-30,-0.32
1441,2022-09-30,-0.93
1441,2022-12-31,-1.24
1441,2023-03-31,-0.36
1441,2023-06-30,-0.93
1441,2023-09-30,-2.22
1441,2023-12-31,-1.25
1441,2024-03-31,-0.49
1441,2024-06-30,2.94
1441,2024-09-30,0.09
1441,2024-12-31,-0.91
1441,2025-03-31,0.56
1441,2025-06-30,-0.47
1441,2025-09-30,-0.35
1442,2017-03-31,0.87
1442,2017-06-30,0.63
1442,2017-09-30,0.19
1442,2017-12-31,0.33
1442,2018-03-31,0.27
1442,2018-06-30,0.13
1442,2018-09-30,0.1
1442,2018-12-31,-0.1
1442,2019-03-31,-0.02
1442,2019-06-30,-0.1
1442,2019-09-30,0.48
1442,2019-12-31,-0.03
1442,2020-03-31,-0.04
1442,2020-06-30,0.06
1442,2020-09-30,0.14
1442,2020-12-31,0.09
1442,2021-03-31,0.12
1442,2021-06-30,0.45
1442,2021-09-30,0.85
1442,2021-12-31,-0.01
1442,2022-03-31,0.0
1442,2022-06-30,0.3
1442,2022-09-30,0.14
1442,2022-12-31,1.32
1442,2023-03-31,0.41
1442,2023-06-30,0.2
1442,2023-09-30,0.1
1442,2023-12-31,4.0
1442,2024-03-31,1.43
1442,2024-06-30,2.38
1442,2024-09-30,2.06
1442,2024-12-31,1.3
1442,2025-03-31,1.3
1442,2025-06-30,0.74
1442,2025-09-30,0.45
1443,2017-03-31,-0.82
1443,2017-06-30,-0.25
1443,2017-09-30,-0.17
1443,2017-12-31,-0.55
1443,2018-03-31,-0.25
1443,2018-06-30,0.26
1443,2018-09-30,-2.18
1443,2018-12-31,-0.21
1443,2019-03-31,0.2
1443,2019-06-30,-0.01
1443,2019-09-30,-0.23
1443,2019-12-31,0.06
1443,2020-03-31,0.01
1443,2020-06-30,-0.33
1443,2020-09-30,-0.02
1443,2020-12-31,0.05
1443,2021-03-31,0.25
1443,2021-06-30,0.05
1443,2021-09-30,0.05
1443,2021-12-31,1.3
1443,2022-03-31,0.65
1443,2022-06-30,0.25
1443,2022-09-30,0.66
1443,2022-12-31,0.11
1443,2023-03-31,0.25
1443,2023-06-30,0.19
1443,2023-09-30,0.82
1443,2023-12-31,0.03
1443,2024-03-31,0.72
1443,2024-06-30,0.42
1443,2024-09-30,0.42
1443,2024-12-31,0.25
1443,2025-03-31,0.55
1443,2025-06-30,-0.48
1443,2025-09-30,0.45
1444,2017-03-31,-0.14
1444,2017-06-30,0.03
1444,2017-09-30,0.09
1444,2017-12-31,0.01
1444,2018-03-31,0.06
1444,2018-06-30,0.32
1444,2018-09-30,0.09
1444,2018-12-31,-0.03
1444,2019-03-31,0.16
1444,2019-06-30,0.22
1444,2019-09-30,0.0
1444,2019-12-31,-0.32
1444,2020-03-31,-0.28
1444,2020-06-30,0.01
1444,2020-09-30,-0.16
1444,2020-12-31,0.05
1444,2021-03-31,0.08
1444,2021-06-30,0.05
1444,2021-09-30,0.07
1444,2021-12-31,0.48
1444,2022-03-31,0.28
1444,2022-06-30,0.33
1444,2022-09-30,0.21
1444,2022-12-31,-0.31
1444,2023-03-31,-0.11
1444,2023-06-30,-0.04
1444,2023-09-30,0.16
1444,2023-12-31,-0.29
1444,2024-03-31,0.24
1444,2024-06-30,0.1
1444,2024-09-30,-0.08
1444,2024-12-31,0.02
1444,2025-03-31,-0.03
1444,2025-06-30,-0.31
1444,2025-09-30,-0.34
1445,2017-03-31,-0.01
1445,2017-06-30,-0.02
1445,2017-09-30,0.1
1445,2017-12-31,0.02
1445,2018-03-31,-0.11
1445,2018-06-30,-0.01
1445,2018-09-30,-0.01
1445,2018-12-31,-0.04
1445,2019-03-31,-0.03
1445,2019-06-30,-0.04
1445,2019-09-30,-0.14
1445,2019-12-31,-0.09
1445,2020-03-31,-0.01
1445,2020-06-30,-0.24
1445,2020-09-30,-0.1
1445,2020-12-31,-0.09
1445,2021-03-31,-0.11
1445,2021-06-30,0.01
1445,2021-09-30,-0.08
1445,2021-12-31,-0.01
1445,2022-03-31,-0.01
1445,2022-06-30,-0.18
1445,2022-09-30,0.15
1445,2022-12-31,0.12
1445,2023-03-31,0.12
1445,2023-06-30,0.11
1445,2023-09-30,0.08
1445,2023-12-31,7.41
1445,2024-03-31,0.0
1445,2024-06-30,0.03
1445,2024-09-30,-0.15
1445,2024-12-31,-1.4
1445,2025-03-31,0.18
1445,2025-06-30,-0.58
1445,2025-09-30,-0.16
1446,2017-03-31,-0.2
1446,2017-06-30,0.02
1446,2017-09-30,0.02
1446,2017-12-31,-0.13
1446,2018-03-31,-0.23
1446,2018-06-30,0.03
1446,2018-09-30,-0.08
1446,2018-12-31,0.07
1446,2019-03-31,-0.09
1446,2019-06-30,-0.05
1446,2019-09-30,-0.07
1446,2019-12-31,0.21
1446,2020-03-31,0.01
1446,2020-06-30,-0.29
1446,2020-09-30,0.15
1446,2020-12-31,0.08
1446,2021-03-31,0.15
1446,2021-06-30,-0.09
1446,2021-09-30,-0.17
1446,2021-12-31,-0.01
1446,2022-03-31,-0.02
1446,2022-06-30,-0.04
1446,2022-09-30,-0.04
1446,2022-12-31,-0.17
1446,2023-03-31,-0.09
1446,2023-06-30,-0.05
1446,2023-09-30,-0.05
1446,2023-12-31,0.99
1446,2024-03-31,2.13
1446,2024-06-30,2.05
1446,2024-09-30,4.87
1446,2024-12-31,0.77
1446,2025-03-31,0.42
1446,2025-06-30,1.04
1446,2025-09-30,0.59
1447,2017-03-31,-0.17
1447,2017-06-30,-0.22
1447,2017-09-30,0.05
1447,2017-12-31,0.13
1447,2018-03-31,-0.02
1447,2018-06-30,0.44
1447,2018-09-30,0.11
1447,2018-12-31,-0.34
1447,2019-03-31,0.14
1447,2019-06-30,0.02
1447,2019-09-30,0.01
1447,2019-12-31,-0.46
1447,2020-03-31,-0.16
1447,2020-06-30,-0.25
1447,2020-09-30,-0.11
1447,2020-12-31,0.04
1447,2021-03-31,0.18
1447,2021-06-30,0.12
1447,2021-09-30,0.01
1447,2021-12-31,0.0
1447,2022-03-31,0.13
1447,2022-06-30,0.22
1447,2022-09-30,-0.06
1447,2022-12-31,-0.33
1447,2023-03-31,-0.1
1447,2023-06-30,-0.14
1447,2023-09-30,0.05
1447,2023-12-31,-0.32
1447,2024-03-31,0.22
1447,2024-06-30,0.02
1447,2024-09-30,-0.16
1447,2024-12-31,-0.04
1447,2025-03-31,0.02
1447,2025-06-30,-0.51
1447,2025-09-30,-0.12
1449,2017-03-31,-0.15
1449,2017-06-30,-0.19
1449,2017-09-30,0.26
1449,2017-12-31,0.55
1449,2018-03-31,-0.73
1449,2018-06-30,-0.53
1449,2018-09-30,0.75
1449,2018-12-31,-0.34
1449,2019-03-31,0.36
1449,2019-06-30,-0.41
1449,2019-09-30,0.05
1449,2019-12-31,-0.7
1449,2020-03-31,-0.5
1449,2020-06-30,-0.26
1449,2020-09-30,-1.65
1449,2020-12-31,0.95
1449,2021-03-31,-0.84
1449,2021-06-30,1.64
1449,2021-09-30,-0.18
1449,2021-12-31,0.21
1449,2022-03-31,0.08
1449,2022-06-30,0.72
1449,2022-09-30,0.54
1449,2022-12-31,-0.25
1449,2023-03-31,0.21
1449,2023-06-30,0.1
1449,2023-09-30,0.44
1449,2023-12-31,-0.14
1449,2024-03-31,0.52
1449,2024-06-30,0.32
1449,2024-09-30,0.12
1449,2024-12-31,-0.03
1449,2025-03-31,0.18
1449,2025-06-30,-0.16
1449,2025-09-30,-0.3
1451,2017-03-31,0.32
1451,2017-06-30,-0.12
1451,2017-09-30,0.27
1451,2017-12-31,0.47
1451,2018-03-31,-0.4
1451,2018-06-30,1.02
1451,2018-09-30,0.78
1451,2018-12-31,0.63
1451,2019-03-31,0.05
1451,2019-06-30,-0.07
1451,2019-09-30,-0.07
1451,2019-12-31,-0.26
1451,2020-03-31,-1.17
1451,2020-06-30,-0.78
1451,2020-09-30,-0.2
1451,2020-12-31,0.01
1451,2021-03-31,0.33
1451,2021-06-30,0.06
1451,2021-09-30,0.45
1451,2021-12-31,0.39
1451,2022-03-31,0.94
1451,2022-06-30,0.85
1451,2022-09-30,0.57
1451,2022-12-31,-0.21
1451,2023-03-31,-1.08
1451,2023-06-30,-0.12
1451,2023-09-30,-0.03
1451,2023-12-31,-0.6
1451,2024-03-31,0.15
1451,2024-06-30,0.32
1451,2024-09-30,0.44
1451,2024-12-31,0.31
1451,2025-03-31,1.34
1451,2025-06-30,-0.44
1451,2025-09-30,0.55
1452,2017-03-31,0.46
1452,2017-06-30,0.4
1452,2017-09-30,0.41
1452,2017-12-31,0.36
1452,2018-03-31,0.38
1452,2018-06-30,0.29
1452,2018-09-30,0.57
1452,2018-12-31,0.23
1452,2019-03-31,0.38
1452,2019-06-30,0.28
1452,2019-09-30,0.38
1452,2019-12-31,0.29
1452,2020-03-31,0.03
1452,2020-06-30,-0.15
1452,2020-09-30,0.37
1452,2020-12-31,0.49
1452,2021-03-31,1.01
1452,2021-06-30,0.82
1452,2021-09-30,0.37
1452,2021-12-31,0.45
1452,2022-03-31,0.39
1452,2022-06-30,0.32
1452,2022-09-30,0.33
1452,2022-12-31,-0.07
1452,2023-03-31,-0.09
1452,2023-06-30,0.04
1452,2023-09-30,0.26
1452,2023-12-31,0.18
1452,2024-03-31,-0.02
1452,2024-06-30,0.36
1452,2024-09-30,0.05
1452,2024-12-31,0.25
1452,2025-03-31,-0.09
1452,2025-06-30,-0.39
1452,2025-09-30,0.14
1453,2017-03-31,-0.09
1453,2017-06-30,-0.08
1453,2017-09-30,0.02
1453,2017-12-31,-0.15
1453,2018-03-31,3.94
1453,2018-06-30,-0.01
1453,2018-09-30,0.04
1453,2018-12-31,-0.23
1453,2019-03-31,0.12
1453,2019-06-30,-0.04
1453,2019-09-30,-0.09
1453,2019-12-31,-0.45
1453,2020-03-31,-0.52
1453,2020-06-30,0.4
1453,2020-09-30,0.29
1453,2020-12-31,-0.02
1453,2021-03-31,0.07
1453,2021-06-30,-0.03
1453,2021-09-30,-0.02
1453,2021-12-31,1.03
1453,2022-03-31,0.36
1453,2022-06-30,-0.48
1453,2022-09-30,0.01
1453,2022-12-31,-0.01
1453,2023-03-31,0.0
1453,2023-06-30,0.12
1453,2023-09-30,-0.08
1453,2023-12-31,0.53
1453,2024-03-31,0.15
1453,2024-06-30,0.12
1453,2024-09-30,-0.15
1453,2024-12-31,-0.1
1453,2025-03-31,-0.12
1453,2025-06-30,0.01
1453,2025-09-30,0.16
1454,2017-03-31,0.04
1454,2017-06-30,0.06
1454,2017-09-30,0.05
1454,2017-12-31,-0.01
1454,2018-03-31,0.01
1454,2018-06-30,0.19
1454,2018-09-30,0.0
1454,2018-12-31,-0.05
1454,2019-03-31,0.07
1454,2019-06-30,0.19
1454,2019-09-30,0.03
1454,2019-12-31,-0.01
1454,2020-03-31,0.0
1454,2020-06-30,-0.2
1454,2020-09-30,-0.14
1454,2020-12-31,0.03
1454,2021-03-31,-0.05
1454,2021-06-30,0.07
1454,2021-09-30,0.04
1454,2021-12-31,-0.02
1454,2022-03-31,0.06
1454,2022-06-30,0.13
1454,2022-09-30,0.18
1454,2022-12-31,-0.11
1454,2023-03-31,-0.03
1454,2023-06-30,0.18
1454,2023-09-30,0.03
1454,2023-12-31,-0.02
1454,2024-03-31,0.16
1454,2024-06-30,0.08
1454,2024-09-30,0.0
1454,2024-12-31,-0.14
1454,2025-03-31,-0.07
1454,2025-06-30,-0.51
1454,2025-09-30,-0.12
1455,2017-03-31,0.35
1455,2017-06-30,-0.34
1455,2017-09-30,0.28
1455,2017-12-31,0.3
1455,2018-03-31,0.15
1455,2018-06-30,0.26
1455,2018-09-30,0.14
1455,2018-12-31,-0.4
1455,2019-03-31,0.01
1455,2019-06-30,0.01
1455,2019-09-30,-0.18
1455,2019-12-31,-0.33
1455,2020-03-31,-0.33
1455,2020-06-30,-0.28
1455,2020-09-30,0.05
1455,2020-12-31,0.49
1455,2021-03-31,0.72
1455,2021-06-30,1.02
1455,2021-09-30,-0.16
1455,2021-12-31,0.15
1455,2022-03-31,0.15
1455,2022-06-30,-0.06
1455,2022-09-30,-0.42
1455,2022-12-31,-0.2
1455,2023-03-31,-0.08
1455,2023-06-30,-0.28
1455,2023-09-30,-0.16
1455,2023-12-31,0.07
1455,2024-03-31,0.14
1455,2024-06-30,0.12
1455,2024-09-30,-0.12
1455,2024-12-31,-0.13
1455,2025-03-31,-0.22
1455,2025-06-30,-0.39
1455,2025-09-30,-0.05
1456,2017-03-31,-0.06
1456,2017-06-30,0.01
1456,2017-09-30,-0.15
1456,2017-12-31,0.61
1456,2018-03-31,-0.07
1456,2018-06-30,-0.19
1456,2018-09-30,0.03
1456,2018-12-31,0.36
1456,2019-03-31,-0.05
1456,2019-06-30,0.05
1456,2019-09-30,-0.04
1456,2019-12-31,0.31
1456,2020-03-31,-0.08
1456,2020-06-30,-0.16
1456,2020-09-30,-0.13
1456,2020-12-31,1.1
1456,2021-03-31,1.28
1456,2021-06-30,2.27
1456,2021-09-30,0.01
1456,2021-12-31,1.29
1456,2022-03-31,-0.43
1456,2022-06-30,-0.36
1456,2022-09-30,-0.3
1456,2022-12-31,0.28
1456,2023-03-31,-0.63
1456,2023-06-30,1.31
1456,2023-09-30,-0.12
1456,2023-12-31,-0.51
1456,2024-03-31,-0.46
1456,2024-06-30,-0.44
1456,2024-09-30,-0.17
1456,2024-12-31,2.18
1456,2025-03-31,-0.48
1456,2025-06-30,-0.08
1456,2025-09-30,-0.34
1457,2017-03-31,0.06
1457,2017-06-30,0.03
1457,2017-09-30,0.82
1457,2017-12-31,1.61
1457,2018-03-31,1.58
1457,2018-06-30,0.18
1457,2018-09-30,0.19
1457,2018-12-31,0.18
1457,2019-03-31,1.08
1457,2019-06-30,-0.04
1457,2019-09-30,0.21
1457,2019-12-31,-0.23
1457,2020-03-31,-0.19
1457,2020-06-30,2.45
1457,2020-09-30,0.8
1457,2020-12-31,-0.17
1457,2021-03-31,0.31
1457,2021-06-30,0.5
1457,2021-09-30,0.14
1457,2021-12-31,-0.05
1457,2022-03-31,4.31
1457,2022-06-30,0.03
1457,2022-09-30,0.15
1457,2022-12-31,0.06
1457,2023-03-31,0.11
1457,2023-06-30,-0.19
1457,2023-09-30,0.25
1457,2023-12-31,2.38
1457,2024-03-31,0.03
1457,2024-06-30,0.25
1457,2024-09-30,0.65
1457,2024-12-31,-0.02
1457,2025-03-31,0.47
1457,2025-06-30,-0.08
1457,2025-09-30,0.05
1459,2017-03-31,-0.18
1459,2017-06-30,0.0
1459,2017-09-30,0.35
1459,2017-12-31,0.13
1459,2018-03-31,0.07
1459,2018-06-30,0.36
1459,2018-09-30,-0.09
1459,2018-12-31,-1.52
1459,2019-03-31,0.22
1459,2019-06-30,-0.19
1459,2019-09-30,-0.38
1459,2019-12-31,0.08
1459,2020-03-31,-1.09
1459,2020-06-30,0.31
1459,2020-09-30,-0.15
1459,2020-12-31,0.35
1459,2021-03-31,0.48
1459,2021-06-30,0.47
1459,2021-09-30,0.89
1459,2021-12-31,0.17
1459,2022-03-31,0.27
1459,2022-06-30,-1.03
1459,2022-09-30,-0.69
1459,2022-12-31,0.05
1459,2023-03-31,-0.03
1459,2023-06-30,0.14
1459,2023-09-30,0.15
1459,2023-12-31,-0.19
1459,2024-03-31,0.01
1459,2024-06-30,0.36
1459,2024-09-30,0.19
1459,2024-12-31,0.12
1459,2025-03-31,-0.71
1459,2025-06-30,0.83
1459,2025-09-30,0.48
1459,2025-12-31,0.21
1460,2017-03-31,0.1
1460,2017-06-30,0.09
1460,2017-09-30,0.11
1460,2017-12-31,0.17
1460,2018-03-31,0.09
1460,2018-06-30,0.16
1460,2018-09-30,0.06
1460,2018-12-31,0.02
1460,2019-03-31,0.03
1460,2019-06-30,0.01
1460,2019-09-30,-0.17
1460,2019-12-31,-0.43
1460,2020-03-31,-0.31
1460,2020-06-30,-0.46
1460,2020-09-30,0.02
1460,2020-12-31,-1.19
1460,2021-03-31,0.04
1460,2021-06-30,0.12
1460,2021-09-30,0.11
1460,2021-12-31,0.12
1460,2022-03-31,-0.55
1460,2022-06-30,0.06
1460,2022-09-30,-0.05
1460,2022-12-31,0.57
1460,2023-03-31,0.01
1460,2023-06-30,-0.18
1460,2023-09-30,-0.67
1460,2023-12-31,-0.96
1460,2024-03-31,0.01
1460,2024-06-30,-0.18
1460,2024-09-30,-0.23
1460,2024-12-31,-0.01
1460,2025-03-31,0.05
1460,2025-06-30,-0.22
1460,2025-09-30,-0.1
1463,2017-03-31,1.98
1463,2017-06-30,0.41
1463,2017-09-30,1.09
1463,2017-12-31,0.02
1463,2018-03-31,0.66
1463,2018-06-30,0.43
1463,2018-09-30,0.33
1463,2018-12-31,0.2
1463,2019-03-31,0.29
1463,2019-06-30,0.14
1463,2019-09-30,0.23
1463,2019-12-31,0.04
1463,2020-03-31,0.23
1463,2020-06-30,-0.02
1463,2020-09-30,-0.04
1463,2020-12-31,0.16
1463,2021-03-31,0.19
1463,2021-06-30,0.03
1463,2021-09-30,-0.02
1463,2021-12-31,0.29
1463,2022-03-31,0.03
1463,2022-06-30,-0.23
1463,2022-09-30,0.28
1463,2022-12-31,0.34
1463,2023-03-31,0.21
1463,2023-06-30,-0.02
1463,2023-09-30,0.27
1463,2023-12-31,0.19
1463,2024-03-31,0.09
1463,2024-06-30,-0.05
1463,2024-09-30,0.22
1463,2024-12-31,3.02
1463,2025-03-31,0.5
1463,2025-06-30,-0.29
1463,2025-09-30,0.57
1464,2017-03-31,0.35
1464,2017-06-30,0.26
1464,2017-09-30,0.31
1464,2017-12-31,0.29
1464,2018-03-31,-0.09
1464,2018-06-30,0.39
1464,2018-09-30,0.15
1464,2018-12-31,0.16
1464,2019-03-31,0.31
1464,2019-06-30,0.55
1464,2019-09-30,0.38
1464,2019-12-31,0.37
1464,2020-03-31,0.17
1464,2020-06-30,-0.6
1464,2020-09-30,0.1
1464,2020-12-31,-0.21
1464,2021-03-31,0.25
1464,2021-06-30,0.01
1464,2021-09-30,0.12
1464,2021-12-31,0.1
1464,2022-03-31,0.3
1464,2022-06-30,0.25
1464,2022-09-30,0.45
1464,2022-12-31,-0.05
1464,2023-03-31,0.12
1464,2023-06-30,-0.1
1464,2023-09-30,0.08
1464,2023-12-31,0.03
1464,2024-03-31,0.13
1464,2024-06-30,0.25
1464,2024-09-30,0.28
1464,2024-12-31,0.38
1464,2025-03-31,0.3
1464,2025-06-30,-0.42
1464,2025-09-30,0.15
1465,2017-03-31,-0.09
1465,2017-06-30,0.3
1465,2017-09-30,0.09
1465,2017-12-31,-0.05
1465,2018-03-31,-0.12
1465,2018-06-30,0.15
1465,2018-09-30,0.01
1465,2018-12-31,-0.16
1465,2019-03-31,3.72
1465,2019-06-30,0.02
1465,2019-09-30,-0.02
1465,2019-12-31,-0.52
1465,2020-03-31,0.0
1465,2020-06-30,-0.09
1465,2020-09-30,-0.16
1465,2020-12-31,0.01
1465,2021-03-31,-0.09
1465,2021-06-30,-0.16
1465,2021-09-30,-0.6
1465,2021-12-31,-0.08
1465,2022-03-31,0.15
1465,2022-06-30,0.32
1465,2022-09-30,0.6
1465,2022-12-31,-0.14
1465,2023-03-31,0.02
1465,2023-06-30,0.35
1465,2023-09-30,0.42
1465,2023-12-31,-0.23
1465,2024-03-31,0.36
1465,2024-06-30,0.21
1465,2024-09-30,-0.15
1465,2024-12-31,0.23
1465,2025-03-31,0.34
1465,2025-06-30,-1.06
1465,2025-09-30,0.21
1466,2017-03-31,0.18
1466,2017-06-30,-0.13
1466,2017-09-30,-0.24
1466,2017-12-31,0.16
1466,2018-03-31,-0.11
1466,2018-06-30,-0.18
1466,2018-09-30,-0.32
1466,2018-12-31,-0.33
1466,2019-03-31,0.19
1466,2019-06-30,-0.12
1466,2019-09-30,-0.19
1466,2019-12-31,-0.77
1466,2020-03-31,-0.11
1466,2020-06-30,-0.34
1466,2020-09-30,0.47
1466,2020-12-31,0.36
1466,2021-03-31,0.36
1466,2021-06-30,0.5
1466,2021-09-30,0.41
1466,2021-12-31,0.33
1466,2022-03-31,0.39
1466,2022-06-30,0.03
1466,2022-09-30,-0.4
1466,2022-12-31,-0.62
1466,2023-03-31,-0.69
1466,2023-06-30,-0.41
1466,2023-09-30,-0.17
1466,2023-12-31,-0.09
1466,2024-03-31,-0.17
1466,2024-06-30,0.06
1466,2024-09-30,-0.01
1466,2024-12-31,0.26
1466,2025-03-31,0.15
1466,2025-06-30,-0.5
1466,2025-09-30,-0.26
1467,2017-03-31,-0.28
1467,2017-06-30,-0.21
1467,2017-09-30,0.21
1467,2017-12-31,-0.08
1467,2018-03-31,-0.69
1467,2018-06-30,0.03
1467,2018-09-30,0.03
1467,2018-12-31,0.34
1467,2019-03-31,-0.13
1467,2019-06-30,-0.07
1467,2019-09-30,0.1
1467,2019-12-31,-0.64
1467,2020-03-31,-0.68
1467,2020-06-30,-0.84
1467,2020-09-30,1.92
1467,2020-12-31,0.32
1467,2021-03-31,-0.1
1467,2021-06-30,-0.15
1467,2021-09-30,-0.05
1467,2021-12-31,0.17
1467,2022-03-31,0.0
1467,2022-06-30,0.13
1467,2022-09-30,0.0
1467,2022-12-31,-0.29
1467,2023-03-31,-0.49
1467,2023-06-30,-0.3
1467,2023-09-30,0.09
1467,2023-12-31,-0.01
1467,2024-03-31,0.12
1467,2024-06-30,0.0
1467,2024-09-30,0.28
1467,2024-12-31,0.06
1467,2025-03-31,0.02
1467,2025-06-30,-0.82
1467,2025-09-30,0.01
1468,2017-03-31,-0.08
1468,2017-06-30,-0.04
1468,2017-09-30,-0.26
1468,2017-12-31,-0.21
1468,2018-03-31,-0.1
1468,2018-06-30,0.21
1468,2018-09-30,0.14
1468,2018-12-31,-0.01
1468,2019-03-31,0.1
1468,2019-06-30,0.14
1468,2019-09-30,0.04
1468,2019-12-31,0.03
1468,2020-03-31,0.18
1468,2020-06-30,-0.05
1468,2020-09-30,0.13
1468,2020-12-31,0.0
1468,2021-03-31,0.25
1468,2021-06-30,-0.16
1468,2021-09-30,-0.02
1468,2021-12-31,-0.01
1468,2022-03-31,0.09
1468,2022-06-30,0.21
1468,2022-09-30,0.66
1468,2022-12-31,-0.73
1468,2023-03-31,-0.02
1468,2023-06-30,0.14
1468,2023-09-30,0.28
1468,2023-12-31,-0.23
1468,2024-03-31,0.25
1468,2024-06-30,0.46
1468,2024-09-30,0.09
1468,2024-12-31,0.14
1468,2025-03-31,0.26
1468,2025-06-30,-0.64
1468,2025-09-30,0.34
1470,2017-03-31,0.11
1470,2017-06-30,0.14
1470,2017-09-30,0.06
1470,2017-12-31,0.18
1470,2018-03-31,0.09
1470,2018-06-30,0.09
1470,2018-09-30,0.19
1470,2018-12-31,0.2
1470,2019-03-31,0.25
1470,2019-06-30,0.26
1470,2019-09-30,0.21
1470,2019-12-31,0.16
1470,2020-03-31,0.2
1470,2020-06-30,-0.11
1470,2020-09-30,0.11
1470,2020-12-31,0.21
1470,2021-03-31,0.08
1470,2021-06-30,0.34
1470,2021-09-30,0.15
1470,2021-12-31,0.19
1470,2022-03-31,0.31
1470,2022-06-30,-0.07
1470,2022-09-30,0.15
1470,2022-12-31,-0.01
1470,2023-03-31,0.41
1470,2023-06-30,0.1
1470,2023-09-30,0.06
1470,2023-12-31,0.01
1470,2024-03-31,0.36
1470,2024-06-30,0.28
1470,2024-09-30,0.13
1470,2024-12-31,0.36
1470,2025-03-31,0.23
1470,2025-06-30,-0.16
1470,2025-09-30,0.25
1471,2017-03-31,-0.54
1471,2017-06-30,-0.55
1471,2017-09-30,-0.35
1471,2017-12-31,-0.88
1471,2018-03-31,-0.59
1471,2018-06-30,-0.5
1471,2018-09-30,-0.02
1471,2018-12-31,-1.02
1471,2019-03-31,-0.51
1471,2019-06-30,-0.71
1471,2019-09-30,-0.78
1471,2019-12-31,-0.37
1471,2020-03-31,-0.44
1471,2020-06-30,-0.23
1471,2020-09-30,2.75
1471,2020-12-31,0.55
1471,2021-03-31,0.01
1471,2021-06-30,-0.62
1471,2021-09-30,0.22
1471,2021-12-31,0.27
1471,2022-03-31,0.05
1471,2022-06-30,-0.77
1471,2022-09-30,-0.13
1471,2022-12-31,-0.2
1471,2023-03-31,-0.02
1471,2023-06-30,-0.23
1471,2023-09-30,0.06
1471,2023-12-31,-0.1
1471,2024-03-31,0.04
1471,2024-06-30,0.02
1471,2024-09-30,0.23
1471,2024-12-31,-0.25
1471,2025-03-31,0.25
1471,2025-06-30,-0.26
1471,2025-09-30,-0.04
1472,2017-03-31,-0.34
1472,2017-06-30,0.03
1472,2017-09-30,-1.28
1472,2017-12-31,0.51
1472,2018-03-31,-0.75
1472,2018-06-30,-0.43
1472,2018-09-30,-0.23
1472,2018-12-31,-0.18
1472,2019-03-31,-0.87
1472,2019-06-30,3.62
1472,2019-09-30,-0.85
1472,2019-12-31,-0.67
1472,2020-03-31,-1.94
1472,2020-06-30,-2.57
1472,2020-09-30,-1.53
1472,2020-12-31,-2.62
1472,2021-03-31,-0.13
1472,2021-06-30,-0.02
1472,2021-09-30,0.1
1472,2021-12-31,-1.17
1472,2022-03-31,0.07
1472,2022-06-30,0.32
1472,2022-09-30,-0.46
1472,2022-12-31,0.22
1472,2023-03-31,0.36
1472,2023-06-30,0.85
1472,2023-09-30,1.86
1472,2023-12-31,1.2
1472,2024-03-31,1.13
1472,2024-06-30,0.26
1472,2024-09-30,0.49
1472,2024-12-31,1.43
1472,2025-03-31,1.76
1472,2025-06-30,1.72
1472,2025-09-30,1.62
1473,2017-03-31,0.42
1473,2017-06-30,-0.16
1473,2017-09-30,0.48
1473,2017-12-31,-0.1
1473,2018-03-31,-0.34
1473,2018-06-30,-0.33
1473,2018-09-30,0.57
1473,2018-12-31,0.64
1473,2019-03-31,0.67
1473,2019-06-30,-0.15
1473,2019-09-30,0.09
1473,2019-12-31,-0.06
1473,2020-03-31,0.07
1473,2020-06-30,-0.87
1473,2020-09-30,-0.32
1473,2020-12-31,-1.33
1473,2021-03-31,0.31
1473,2021-06-30,-0.85
1473,2021-09-30,-0.21
1473,2021-12-31,-0.17
1473,2022-03-31,0.77
1473,2022-06-30,0.41
1473,2022-09-30,0.61
1473,2022-12-31,0.27
1473,2023-03-31,0.53
1473,2023-06-30,0.41
1473,2023-09-30,0.85
1473,2023-12-31,0.34
1473,2024-03-31,1.44
1473,2024-06-30,0.61
1473,2024-09-30,0.5
1473,2024-12-31,0.47
1473,2025-03-31,1.25
1473,2025-06-30,-0.34
1473,2025-09-30,-0.14
1474,2017-03-31,0.18
1474,2017-06-30,0.2
1474,2017-09-30,0.21
1474,2017-12-31,0.25
1474,2018-03-31,0.33
1474,2018-06-30,0.21
1474,2018-09-30,0.02
1474,2018-12-31,0.31
1474,2019-03-31,0.02
1474,2019-06-30,-0.08
1474,2019-09-30,-0.01
1474,2019-12-31,0.47
1474,2020-03-31,0.02
1474,2020-06-30,0.16
1474,2020-09-30,0.21
1474,2020-12-31,0.44
1474,2021-03-31,0.35
1474,2021-06-30,0.36
1474,2021-09-30,0.26
1474,2021-12-31,0.14
1474,2022-03-31,0.26
1474,2022-06-30,0.18
1474,2022-09-30,0.2
1474,2022-12-31,-0.04
1474,2023-03-31,-0.15
1474,2023-06-30,-0.18
1474,2023-09-30,-0.28
1474,2023-12-31,0.27
1474,2024-03-31,0.62
1474,2024-06-30,0.17
1474,2024-09-30,-0.01
1474,2024-12-31,0.04
1474,2025-03-31,0.18
1474,2025-06-30,-0.04
1474,2025-09-30,0.15
1475,2017-03-31,-0.28
1475,2017-06-30,-0.27
1475,2017-09-30,-1.99
1475,2017-12-31,-9.77
1475,2018-03-31,-0.81
1475,2018-06-30,-0.78
1475,2018-09-30,-1.53
1475,2018-12-31,-0.9
1475,2019-03-31,-0.82
1475,2019-06-30,-0.82
1475,2019-09-30,0.51
1475,2019-12-31,-0.15
1475,2020-03-31,-0.16
1475,2020-06-30,-0.42
1475,2020-09-30,0.02
1475,2020-12-31,0.8
1475,2021-03-31,0.46
1475,2021-06-30,-0.1
1475,2021-09-30,1.21
1475,2021-12-31,2.09
1475,2022-03-31,2.63
1475,2022-06-30,3.45
1475,2022-09-30,4.3
1475,2022-12-31,1.44
1475,2023-03-31,2.52
1475,2023-06-30,3.36
1475,2023-09-30,2.22
1475,2023-12-31,-0.2
1475,2024-03-31,1.74
1475,2024-06-30,2.27
1475,2024-09-30,1.21
1475,2024-12-31,2.0
1475,2025-03-31,1.05
1475,2025-06-30,-1.16
1475,2025-09-30,1.54
1476,2017-03-31,1.01
1476,2017-06-30,2.93
1476,2017-09-30,3.29
1476,2017-12-31,3.89
1476,2018-03-31,3.25
1476,2018-06-30,4.41
1476,2018-09-30,3.77
1476,2018-12-31,4.53
1476,2019-03-31,3.28
1476,2019-06-30,3.9
1476,2019-09-30,4.35
1476,2019-12-31,4.14
1476,2020-03-31,2.54
1476,2020-06-30,2.59
1476,2020-09-30,4.56
1476,2020-12-31,5.82
1476,2021-03-31,4.95
1476,2021-06-30,5.56
1476,2021-09-30,3.51
1476,2021-12-31,4.75
1476,2022-03-31,6.53
1476,2022-06-30,7.42
1476,2022-09-30,7.91
1476,2022-12-31,2.89
1476,2023-03-31,3.01
1476,2023-06-30,5.08
1476,2023-09-30,5.68
1476,2023-12-31,5.1
1476,2024-03-31,5.19
1476,2024-06-30,6.32
1476,2024-09-30,6.47
1476,2024-12-31,6.22
1476,2025-03-31,6.12
1476,2025-06-30,2.19
1476,2025-09-30,6.02
1477,2017-03-31,1.52
1477,2017-06-30,0.98
1477,2017-09-30,2.37
1477,2017-12-31,1.31
1477,2018-03-31,1.53
1477,2018-06-30,1.1
1477,2018-09-30,2.71
1477,2018-12-31,1.86
1477,2019-03-31,2.32
1477,2019-06-30,1.51
1477,2019-09-30,2.94
1477,2019-12-31,1.89
1477,2020-03-31,1.94
1477,2020-06-30,1.61
1477,2020-09-30,3.63
1477,2020-12-31,2.17
1477,2021-03-31,2.92
1477,2021-06-30,2.25
1477,2021-09-30,3.26
1477,2021-12-31,2.77
1477,2022-03-31,3.69
1477,2022-06-30,3.04
1477,2022-09-30,4.59
1477,2022-12-31,3.21
1477,2023-03-31,3.92
1477,2023-06-30,3.33
1477,2023-09-30,5.47
1477,2023-12-31,3.78
1477,2024-03-31,4.63
1477,2024-06-30,3.55
1477,2024-09-30,4.58
1477,2024-12-31,3.92
1477,2025-03-31,5.15
1477,2025-06-30,2.5
1477,2025-09-30,3.48
1503,2017-03-31,0.77
1503,2017-06-30,0.54
1503,2017-09-30,0.77
1503,2017-12-31,0.47
1503,2018-03-31,0.59
1503,2018-06-30,0.76
1503,2018-09-30,0.88
1503,2018-12-31,0.49
1503,2019-03-31,0.97
1503,2019-06-30,0.76
1503,2019-09-30,0.78
1503,2019-12-31,0.7
1503,2020-03-31,0.96
1503,2020-06-30,0.77
1503,2020-09-30,0.79
1503,2020-12-31,0.41
1503,2021-03-31,1.26
1503,2021-06-30,0.9
1503,2021-09-30,0.7
1503,2021-12-31,0.6
1503,2022-03-31,1.38
1503,2022-06-30,0.88
1503,2022-09-30,1.09
1503,2022-12-31,0.51
1503,2023-03-31,1.52
1503,2023-06-30,1.14
1503,2023-09-30,1.28
1503,2023-12-31,0.57
1503,2024-03-31,2.27
1503,2024-06-30,1.36
1503,2024-09-30,1.34
1503,2024-12-31,0.84
1503,2025-03-31,2.35
1503,2025-06-30,1.7
1503,2025-09-30,1.41
1504,2017-03-31,0.27
1504,2017-06-30,0.55
1504,2017-09-30,0.43
1504,2017-12-31,0.31
1504,2018-03-31,0.27
1504,2018-06-30,0.56
1504,2018-09-30,0.41
1504,2018-12-31,0.35
1504,2019-03-31,0.32
1504,2019-06-30,0.6
1504,2019-09-30,0.41
1504,2019-12-31,0.32
1504,2020-03-31,0.23
1504,2020-06-30,0.76
1504,2020-09-30,0.42
1504,2020-12-31,0.4
1504,2021-03-31,0.53
1504,2021-06-30,0.68
1504,2021-09-30,0.75
1504,2021-12-31,0.42
1504,2022-03-31,0.17
1504,2022-06-30,0.48
1504,2022-09-30,0.51
1504,2022-12-31,0.48
1504,2023-03-31,0.78
1504,2023-06-30,1.0
1504,2023-09-30,0.47
1504,2023-12-31,0.51
1504,2024-03-31,0.55
1504,2024-06-30,0.78
1504,2024-09-30,0.84
1504,2024-12-31,0.56
1504,2025-03-31,0.54
1504,2025-06-30,0.69
1504,2025-09-30,0.75
1506,2017-03-31,0.18
1506,2017-06-30,0.0
1506,2017-09-30,-0.13
1506,2017-12-31,-0.17
1506,2018-03-31,0.1
1506,2018-06-30,-0.24
1506,2018-09-30,0.15
1506,2018-12-31,-0.96
1506,2019-03-31,-0.2
1506,2019-06-30,-0.31
1506,2019-09-30,-0.86
1506,2019-12-31,-1.15
1506,2020-03-31,-0.66
1506,2020-06-30,-0.91
1506,2020-09-30,-0.39
1506,2020-12-31,-0.23
1506,2021-03-31,-0.05
1506,2021-06-30,-0.07
1506,2021-09-30,0.02
1506,2021-12-31,0.36
1506,2022-03-31,0.06
1506,2022-06-30,0.07
1506,2022-09-30,0.19
1506,2022-12-31,0.11
1506,2023-03-31,0.09
1506,2023-06-30,0.06
1506,2023-09-30,0.12
1506,2023-12-31,0.02
1506,2024-03-31,0.04
1506,2024-06-30,0.02
1506,2024-09-30,0.04
1506,2024-12-31,0.04
1506,2025-03-31,0.01
1506,2025-06-30,-0.04
1506,2025-09-30,0.07
1512,2017-03-31,-0.57
1512,2017-06-30,-0.55
1512,2017-09-30,-1.37
1512,2017-12-31,-0.6
1512,2018-03-31,-0.09
1512,2018-06-30,-0.09
1512,2018-09-30,-0.33
1512,2018-12-31,-0.43
1512,2019-03-31,-0.2
1512,2019-06-30,0.0
1512,2019-09-30,-0.28
1512,2019-12-31,-1.66
1512,2020-03-31,-0.14
1512,2020-06-30,-0.2
1512,2020-09-30,-0.11
1512,2020-12-31,-0.1
1512,2021-03-31,-0.16
1512,2021-06-30,-0.07
1512,2021-09-30,-0.18
1512,2021-12-31,-0.24
1512,2022-03-31,-0.19
1512,2022-06-30,-0.31
1512,2022-09-30,-0.03
1512,2022-12-31,-1.45
1512,2023-03-31,0.0
1512,2023-06-30,0.02
1512,2023-09-30,0.02
1512,2023-12-31,0.0
1512,2024-03-31,-0.18
1512,2024-06-30,0.0
1512,2024-09-30,-0.16
1512,2024-12-31,-0.34
1512,2025-03-31,0.0
1512,2025-06-30,0.02
1512,2025-09-30,0.02
1513,2017-03-31,0.25
1513,2017-06-30,0.23
1513,2017-09-30,0.49
1513,2017-12-31,0.22
1513,2018-03-31,0.27
1513,2018-06-30,0.44
1513,2018-09-30,0.35
1513,2018-12-31,0.27
1513,2019-03-31,0.34
1513,2019-06-30,0.3
1513,2019-09-30,0.58
1513,2019-12-31,0.33
1513,2020-03-31,0.26
1513,2020-06-30,0.64
1513,2020-09-30,0.79
1513,2020-12-31,1.9
1513,2021-03-31,1.31
1513,2021-06-30,0.68
1513,2021-09-30,0.94
1513,2021-12-31,1.26
1513,2022-03-31,1.2
1513,2022-06-30,1.23
1513,2022-09-30,1.17
1513,2022-12-31,1.61
1513,2023-03-31,1.56
1513,2023-06-30,-1.44
1513,2023-09-30,1.51
1513,2023-12-31,1.62
1513,2024-03-31,1.93
1513,2024-06-30,1.82
1513,2024-09-30,1.86
1513,2024-12-31,1.72
1513,2025-03-31,1.78
1513,2025-06-30,1.9
1513,2025-09-30,2.31
1514,2017-03-31,0.01
1514,2017-06-30,0.16
1514,2017-09-30,0.18
1514,2017-12-31,0.23
1514,2018-03-31,0.28
1514,2018-06-30,0.22
1514,2018-09-30,0.22
1514,2018-12-31,0.37
1514,2019-03-31,0.35
1514,2019-06-30,0.38
1514,2019-09-30,0.36
1514,2019-12-31,0.35
1514,2020-03-31,0.43
1514,2020-06-30,0.44
1514,2020-09-30,0.37
1514,2020-12-31,0.27
1514,2021-03-31,0.45
1514,2021-06-30,0.4
1514,2021-09-30,0.41
1514,2021-12-31,0.34
1514,2022-03-31,0.57
1514,2022-06-30,0.66
1514,2022-09-30,0.47
1514,2022-12-31,0.45
1514,2023-03-31,0.6
1514,2023-06-30,0.68
1514,2023-09-30,0.62
1514,2023-12-31,1.18
1514,2024-03-31,0.89
1514,2024-06-30,0.77
1514,2024-09-30,0.53
1514,2024-12-31,0.85
1514,2025-03-31,0.61
1514,2025-06-30,0.71
1514,2025-09-30,0.87
1515,2017-03-31,0.02
1515,2017-06-30,0.19
1515,2017-09-30,0.65
1515,2017-12-31,0.63
1515,2018-03-31,0.08
1515,2018-06-30,0.3
1515,2018-09-30,0.46
1515,2018-12-31,1.36
1515,2019-03-31,4.56
1515,2019-06-30,0.49
1515,2019-09-30,0.95
1515,2019-12-31,1.01
1515,2020-03-31,0.49
1515,2020-06-30,0.72
1515,2020-09-30,1.39
1515,2020-12-31,1.9
1515,2021-03-31,1.79
1515,2021-06-30,1.29
1515,2021-09-30,1.37
1515,2021-12-31,1.35
1515,2022-03-31,-0.28
1515,2022-06-30,-0.49
1515,2022-09-30,-0.24
1515,2022-12-31,-0.64
1515,2023-03-31,-0.42
1515,2023-06-30,0.05
1515,2023-09-30,1.16
1515,2023-12-31,0.91
1515,2024-03-31,1.34
1515,2024-06-30,0.53
1515,2024-09-30,0.05
1515,2024-12-31,-0.16
1515,2025-03-31,0.07
1515,2025-06-30,-0.47
1515,2025-09-30,0.32
1515,2025-12-31,1.05
1516,2017-03-31,0.13
1516,2017-06-30,0.26
1516,2017-09-30,0.03
1516,2017-12-31,0.13
1516,2018-03-31,0.12
1516,2018-06-30,0.21
1516,2018-09-30,0.23
1516,2018-12-31,-0.05
1516,2019-03-31,-0.01
1516,2019-06-30,0.17
1516,2019-09-30,0.09
1516,2019-12-31,0.15
1516,2020-03-31,0.24
1516,2020-06-30,0.26
1516,2020-09-30,0.18
1516,2020-12-31,0.15
1516,2021-03-31,0.11
1516,2021-06-30,0.56
1516,2021-09-30,0.2
1516,2021-12-31,0.85
1516,2022-03-31,0.5
1516,2022-06-30,0.12
1516,2022-09-30,0.41
1516,2022-12-31,0.33
1516,2023-03-31,0.29
1516,2023-06-30,-0.03
1516,2023-09-30,0.2
1516,2023-12-31,-0.12
1516,2024-03-31,0.46
1516,2024-06-30,0.27
1516,2024-09-30,-0.38
1516,2024-12-31,-6.48
1516,2025-03-31,-0.03
1516,2025-06-30,-0.06
1516,2025-09-30,0.19
1517,2017-03-31,-0.25
1517,2017-06-30,0.01
1517,2017-09-30,0.19
1517,2017-12-31,-0.13
1517,2018-03-31,-0.15
1517,2018-06-30,0.55
1517,2018-09-30,0.05
1517,2018-12-31,-0.04
1517,2019-03-31,0.06
1517,2019-06-30,0.0
1517,2019-09-30,0.01
1517,2019-12-31,-0.01
1517,2020-03-31,-0.28
1517,2020-06-30,0.12
1517,2020-09-30,0.32
1517,2020-12-31,0.6
1517,2021-03-31,0.47
1517,2021-06-30,0.49
1517,2021-09-30,0.5
1517,2021-12-31,0.54
1517,2022-03-31,0.7
1517,2022-06-30,0.6
1517,2022-09-30,1.07
1517,2022-12-31,0.18
1517,2023-03-31,0.01
1517,2023-06-30,-0.18
1517,2023-09-30,-0.15
1517,2023-12-31,-0.43
1517,2024-03-31,-0.02
1517,2024-06-30,-0.1
1517,2024-09-30,-0.16
1517,2024-12-31,-0.14
1517,2025-03-31,0.05
1517,2025-06-30,-0.6
1517,2025-09-30,-0.11
1519,2017-03-31,0.14
1519,2017-06-30,0.22
1519,2017-09-30,-0.06
1519,2017-12-31,0.06
1519,2018-03-31,-0.26
1519,2018-06-30,-0.21
1519,2018-09-30,0.08
1519,2018-12-31,0.62
1519,2019-03-31,0.56
1519,2019-06-30,-0.25
1519,2019-09-30,0.52
1519,2019-12-31,0.74
1519,2020-03-31,0.02
1519,2020-06-30,0.48
1519,2020-09-30,0.66
1519,2020-12-31,0.59
1519,2021-03-31,0.04
1519,2021-06-30,0.24
1519,2021-09-30,0.18
1519,2021-12-31,0.65
1519,2022-03-31,-0.03
1519,2022-06-30,0.89
1519,2022-09-30,0.52
1519,2022-12-31,1.83
1519,2023-03-31,0.79
1519,2023-06-30,2.08
1519,2023-09-30,2.73
1519,2023-12-31,4.27
1519,2024-03-31,2.29
1519,2024-06-30,2.91
1519,2024-09-30,4.28
1519,2024-12-31,5.45
1519,2025-03-31,3.0
1519,2025-06-30,2.23
1519,2025-09-30,3.45
1521,2017-03-31,1.82
1521,2017-06-30,1.63
1521,2017-09-30,1.56
1521,2017-12-31,1.54
1521,2018-03-31,1.27
1521,2018-06-30,1.39
1521,2018-09-30,0.58
1521,2018-12-31,0.95
1521,2019-03-31,1.5
1521,2019-06-30,1.53
1521,2019-09-30,1.03
1521,2019-12-31,0.67
1521,2020-03-31,0.84
1521,2020-06-30,0.23
1521,2020-09-30,0.22
1521,2020-12-31,0.81
1521,2021-03-31,0.28
1521,2021-06-30,0.46
1521,2021-09-30,0.12
1521,2021-12-31,0.22
1521,2022-03-31,0.27
1521,2022-06-30,0.29
1521,2022-09-30,0.72
1521,2022-12-31,-0.11
1521,2023-03-31,0.25
1521,2023-06-30,0.23
1521,2023-09-30,0.77
1521,2023-12-31,-0.69
1521,2024-03-31,0.42
1521,2024-06-30,0.46
1521,2024-09-30,-0.02
1521,2024-12-31,0.29
1521,2025-03-31,0.6
1521,2025-06-30,-0.37
1521,2025-09-30,0.11
1522,2017-03-31,0.89
1522,2017-06-30,0.63
1522,2017-09-30,0.5
1522,2017-12-31,0.1
1522,2018-03-31,0.81
1522,2018-06-30,0.69
1522,2018-09-30,0.12
1522,2018-12-31,0.38
1522,2019-03-31,0.67
1522,2019-06-30,0.79
1522,2019-09-30,0.42
1522,2019-12-31,0.35
1522,2020-03-31,0.2
1522,2020-06-30,-0.02
1522,2020-09-30,0.28
1522,2020-12-31,0.38
1522,2021-03-31,0.25
1522,2021-06-30,-0.04
1522,2021-09-30,0.02
1522,2021-12-31,0.39
1522,2022-03-31,0.88
1522,2022-06-30,0.64
1522,2022-09-30,0.96
1522,2022-12-31,0.43
1522,2023-03-31,0.65
1522,2023-06-30,0.68
1522,2023-09-30,1.18
1522,2023-12-31,0.8
1522,2024-03-31,2.01
1522,2024-06-30,1.65
1522,2024-09-30,1.3
1522,2024-12-31,-0.2
1522,2025-03-31,1.39
1522,2025-06-30,-1.29
1522,2025-09-30,1.07
1524,2017-03-31,0.06
1524,2017-06-30,0.23
1524,2017-09-30,0.31
1524,2017-12-31,0.31
1524,2018-03-31,0.17
1524,2018-06-30,0.33
1524,2018-09-30,0.29
1524,2018-12-31,0.3
1524,2019-03-31,0.22
1524,2019-06-30,0.23
1524,2019-09-30,0.19
1524,2019-12-31,0.2
1524,2020-03-31,0.17
1524,2020-06-30,-0.06
1524,2020-09-30,0.06
1524,2020-12-31,0.04
1524,2021-03-31,0.13
1524,2021-06-30,-0.03
1524,2021-09-30,0.17
1524,2021-12-31,0.11
1524,2022-03-31,0.35
1524,2022-06-30,0.69
1524,2022-09-30,0.71
1524,2022-12-31,0.29
1524,2023-03-31,0.26
1524,2023-06-30,0.49
1524,2023-09-30,0.83
1524,2023-12-31,0.55
1524,2024-03-31,1.02
1524,2024-06-30,0.63
1524,2024-09-30,0.69
1524,2024-12-31,1.27
1524,2025-03-31,0.98
1524,2025-06-30,-0.16
1524,2025-09-30,0.46
1525,2017-03-31,1.82
1525,2017-06-30,1.88
1525,2017-09-30,1.97
1525,2017-12-31,1.69
1525,2018-03-31,1.43
1525,2018-06-30,1.32
1525,2018-09-30,1.3
1525,2018-12-31,2.12
1525,2019-03-31,1.43
1525,2019-06-30,0.21
1525,2019-09-30,1.06
1525,2019-12-31,1.25
1525,2020-03-31,0.21
1525,2020-06-30,1.25
1525,2020-09-30,1.28
1525,2020-12-31,1.67
1525,2021-03-31,1.18
1525,2021-06-30,0.94
1525,2021-09-30,0.69
1525,2021-12-31,1.37
1525,2022-03-31,0.83
1525,2022-06-30,0.91
1525,2022-09-30,1.29
1525,2022-12-31,0.65
1525,2023-03-31,2.63
1525,2023-06-30,0.8
1525,2023-09-30,1.11
1525,2023-12-31,0.96
1525,2024-03-31,0.66
1525,2024-06-30,0.98
1525,2024-09-30,1.09
1525,2024-12-31,1.39
1525,2025-03-31,0.8
1525,2025-06-30,0.81
1525,2025-09-30,0.87
1526,2017-03-31,-0.57
1526,2017-06-30,1.27
1526,2017-09-30,1.47
1526,2017-12-31,0.54
1526,2018-03-31,0.46
1526,2018-06-30,0.76
1526,2018-09-30,0.79
1526,2018-12-31,0.68
1526,2019-03-31,0.16
1526,2019-06-30,0.59
1526,2019-09-30,0.23
1526,2019-12-31,0.36
1526,2020-03-31,0.39
1526,2020-06-30,1.32
1526,2020-09-30,0.83
1526,2020-12-31,0.43
1526,2021-03-31,0.9
1526,2021-06-30,1.25
1526,2021-09-30,1.07
1526,2021-12-31,1.16
1526,2022-03-31,1.52
1526,2022-06-30,1.97
1526,2022-09-30,1.8
1526,2022-12-31,1.15
1526,2023-03-31,0.76
1526,2023-06-30,0.39
1526,2023-09-30,0.09
1526,2023-12-31,-0.48
1526,2024-03-31,-0.06
1526,2024-06-30,0.09
1526,2024-09-30,-0.51
1526,2024-12-31,-0.43
1526,2025-03-31,0.4
1526,2025-06-30,-0.52
1526,2025-09-30,0.08
1527,2017-03-31,-2.08
1527,2017-06-30,2.06
1527,2017-09-30,1.17
1527,2017-12-31,0.33
1527,2018-03-31,-0.18
1527,2018-06-30,4.15
1527,2018-09-30,1.51
1527,2018-12-31,2.0
1527,2019-03-31,1.74
1527,2019-06-30,1.78
1527,2019-09-30,1.2
1527,2019-12-31,-0.57
1527,2020-03-31,0.91
1527,2020-06-30,0.43
1527,2020-09-30,0.83
1527,2020-12-31,0.77
1527,2021-03-31,1.06
1527,2021-06-30,0.77
1527,2021-09-30,0.81
1527,2021-12-31,0.73
1527,2022-03-31,1.49
1527,2022-06-30,1.51
1527,2022-09-30,1.82
1527,2022-12-31,0.54
1527,2023-03-31,0.63
1527,2023-06-30,0.63
1527,2023-09-30,1.11
1527,2023-12-31,0.3
1527,2024-03-31,1.1
1527,2024-06-30,0.93
1527,2024-09-30,0.85
1527,2024-12-31,0.33
1527,2025-03-31,0.93
1527,2025-06-30,-0.68
1527,2025-09-30,0.79
1528,2017-03-31,-0.09
1528,2017-06-30,0.24
1528,2017-09-30,0.4
1528,2017-12-31,0.0
1528,2018-03-31,0.13
1528,2018-06-30,0.22
1528,2018-09-30,0.0
1528,2018-12-31,-0.13
1528,2019-03-31,0.01
1528,2019-06-30,-0.41
1528,2019-09-30,-0.31
1528,2019-12-31,-0.68
1528,2020-03-31,-0.08
1528,2020-06-30,-0.28
1528,2020-09-30,0.01
1528,2020-12-31,-0.26
1528,2021-03-31,0.05
1528,2021-06-30,0.06
1528,2021-09-30,1.08
1528,2021-12-31,-0.05
1528,2022-03-31,0.09
1528,2022-06-30,0.36
1528,2022-09-30,0.28
1528,2022-12-31,0.08
1528,2023-03-31,0.07
1528,2023-06-30,0.1
1528,2023-09-30,0.08
1528,2023-12-31,-0.33
1528,2024-03-31,-0.27
1528,2024-06-30,0.05
1528,2024-09-30,-0.34
1528,2024-12-31,-0.25
1528,2025-03-31,0.05
1528,2025-06-30,-0.66
1528,2025-09-30,0.08
1529,2017-03-31,0.03
1529,2017-06-30,0.01
1529,2017-09-30,0.0
1529,2017-12-31,0.07
1529,2018-03-31,0.01
1529,2018-06-30,0.04
1529,2018-09-30,0.36
1529,2018-12-31,0.3
1529,2019-03-31,0.03
1529,2019-06-30,-0.02
1529,2019-09-30,0.06
1529,2019-12-31,0.47
1529,2020-03-31,0.03
1529,2020-06-30,0.09
1529,2020-09-30,0.41
1529,2020-12-31,0.12
1529,2021-03-31,-0.02
1529,2021-06-30,0.54
1529,2021-09-30,0.39
1529,2021-12-31,0.12
1529,2022-03-31,0.0
1529,2022-06-30,0.15
1529,2022-09-30,0.11
1529,2022-12-31,0.05
1529,2023-03-31,0.32
1529,2023-06-30,0.55
1529,2023-09-30,-0.3
1529,2023-12-31,0.34
1529,2024-03-31,-0.11
1529,2024-06-30,0.26
1529,2024-09-30,-0.06
1529,2024-12-31,-0.22
1529,2025-03-31,0.03
1529,2025-06-30,0.85
1529,2025-09-30,0.09
1530,2017-03-31,-0.25
1530,2017-06-30,0.67
1530,2017-09-30,0.69
1530,2017-12-31,0.72
1530,2018-03-31,0.56
1530,2018-06-30,1.37
1530,2018-09-30,0.49
1530,2018-12-31,1.03
1530,2019-03-31,0.56
1530,2019-06-30,0.62
1530,2019-09-30,0.22
1530,2019-12-31,-0.17
1530,2020-03-31,3.39
1530,2020-06-30,0.14
1530,2020-09-30,0.22
1530,2020-12-31,0.17
1530,2021-03-31,0.25
1530,2021-06-30,0.72
1530,2021-09-30,0.03
1530,2021-12-31,0.35
1530,2022-03-31,0.65
1530,2022-06-30,1.22
1530,2022-09-30,1.51
1530,2022-12-31,0.29
1530,2023-03-31,0.15
1530,2023-06-30,0.26
1530,2023-09-30,1.63
1530,2023-12-31,0.14
1530,2024-03-31,0.18
1530,2024-06-30,0.49
1530,2024-09-30,0.59
1530,2024-12-31,3.42
1530,2025-03-31,-3.36
1530,2025-06-30,-0.71
1530,2025-09-30,1.26
1531,2017-03-31,0.06
1531,2017-06-30,0.29
1531,2017-09-30,0.29
1531,2017-12-31,0.21
1531,2018-03-31,0.04
1531,2018-06-30,0.39
1531,2018-09-30,0.1
1531,2018-12-31,0.15
1531,2019-03-31,0.15
1531,2019-06-30,0.05
1531,2019-09-30,0.11
1531,2019-12-31,-0.15
1531,2020-03-31,-0.1
1531,2020-06-30,-0.18
1531,2020-09-30,0.01
1531,2020-12-31,-0.03
1531,2021-03-31,0.08
1531,2021-06-30,0.41
1531,2021-09-30,0.29
1531,2021-12-31,0.16
1531,2022-03-31,0.34
1531,2022-06-30,0.43
1531,2022-09-30,0.36
1531,2022-12-31,-0.11
1531,2023-03-31,-0.14
1531,2023-06-30,-0.09
1531,2023-09-30,0.46
1531,2023-12-31,-0.15
1531,2024-03-31,0.07
1531,2024-06-30,0.12
1531,2024-09-30,0.06
1531,2024-12-31,0.22
1531,2025-03-31,0.17
1531,2025-06-30,-0.58
1531,2025-09-30,0.18
1532,2017-03-31,0.43
1532,2017-06-30,0.43
1532,2017-09-30,0.14
1532,2017-12-31,0.58
1532,2018-03-31,1.16
1532,2018-06-30,0.66
1532,2018-09-30,1.7
1532,2018-12-31,1.24
1532,2019-03-31,0.44
1532,2019-06-30,0.5
1532,2019-09-30,0.13
1532,2019-12-31,0.25
1532,2020-03-31,-0.15
1532,2020-06-30,0.18
1532,2020-09-30,0.33
1532,2020-12-31,1.11
1532,2021-03-31,0.46
1532,2021-06-30,0.16
1532,2021-09-30,0.79
1532,2021-12-31,1.81
1532,2022-03-31,0.92
1532,2022-06-30,0.25
1532,2022-09-30,0.52
1532,2022-12-31,0.45
1532,2023-03-31,-0.06
1532,2023-06-30,0.85
1532,2023-09-30,1.02
1532,2023-12-31,0.75
1532,2024-03-31,1.34
1532,2024-06-30,2.29
1532,2024-09-30,0.03
1532,2024-12-31,-0.61
1532,2025-03-31,-0.26
1532,2025-06-30,0.13
1532,2025-09-30,0.94
1533,2017-03-31,-0.24
1533,2017-06-30,0.57
1533,2017-09-30,0.56
1533,2017-12-31,0.26
1533,2018-03-31,0.9
1533,2018-06-30,0.5
1533,2018-09-30,0.5
1533,2018-12-31,0.81
1533,2019-03-31,0.41
1533,2019-06-30,0.94
1533,2019-09-30,0.36
1533,2019-12-31,0.34
1533,2020-03-31,0.11
1533,2020-06-30,-0.1
1533,2020-09-30,0.24
1533,2020-12-31,0.61
1533,2021-03-31,0.08
1533,2021-06-30,0.29
1533,2021-09-30,0.46
1533,2021-12-31,0.05
1533,2022-03-31,0.19
1533,2022-06-30,0.3
1533,2022-09-30,0.22
1533,2022-12-31,-0.31
1533,2023-03-31,-0.48
1533,2023-06-30,-0.43
1533,2023-09-30,0.04
1533,2023-12-31,-0.44
1533,2024-03-31,-0.72
1533,2024-06-30,-0.52
1533,2024-09-30,-0.6
1533,2024-12-31,0.73
1533,2025-03-31,-0.21
1533,2025-06-30,-0.4
1533,2025-09-30,0.47
1535,2017-03-31,0.16
1535,2017-06-30,0.26
1535,2017-09-30,0.52
1535,2017-12-31,0.57
1535,2018-03-31,0.26
1535,2018-06-30,0.11
1535,2018-09-30,0.1
1535,2018-12-31,0.32
1535,2019-03-31,0.16
1535,2019-06-30,0.26
1535,2019-09-30,0.28
1535,2019-12-31,0.33
1535,2020-03-31,0.24
1535,2020-06-30,0.35
1535,2020-09-30,0.46
1535,2020-12-31,0.55
1535,2021-03-31,0.72
1535,2021-06-30,0.95
1535,2021-09-30,0.8
1535,2021-12-31,0.79
1535,2022-03-31,0.87
1535,2022-06-30,1.65
1535,2022-09-30,1.04
1535,2022-12-31,0.65
1535,2023-03-31,0.93
1535,2023-06-30,1.17
1535,2023-09-30,0.96
1535,2023-12-31,1.44
1535,2024-03-31,0.97
1535,2024-06-30,0.97
1535,2024-09-30,0.92
1535,2024-12-31,1.2
1535,2025-03-31,0.88
1535,2025-06-30,0.99
1535,2025-09-30,0.92
1535,2025-12-31,1.21
1536,2017-03-31,1.08
1536,2017-06-30,1.34
1536,2017-09-30,1.24
1536,2017-12-31,1.15
1536,2018-03-31,1.1
1536,2018-06-30,1.4
1536,2018-09-30,1.33
1536,2018-12-31,1.02
1536,2019-03-31,0.75
1536,2019-06-30,0.75
1536,2019-09-30,0.71
1536,2019-12-31,0.34
1536,2020-03-31,0.56
1536,2020-06-30,-0.09
1536,2020-09-30,0.17
1536,2020-12-31,0.48
1536,2021-03-31,0.2
1536,2021-06-30,0.32
1536,2021-09-30,0.66
1536,2021-12-31,0.05
1536,2022-03-31,0.1
1536,2022-06-30,0.66
1536,2022-09-30,1.17
1536,2022-12-31,0.3
1536,2023-03-31,0.3
1536,2023-06-30,0.77
1536,2023-09-30,0.4
1536,2023-12-31,-0.3
1536,2024-03-31,0.32
1536,2024-06-30,0.15
1536,2024-09-30,-0.3
1536,2024-12-31,0.53
1536,2025-03-31,-0.37
1536,2025-06-30,-1.54
1536,2025-09-30,-0.14
1537,2017-03-31,2.2
1537,2017-06-30,3.27
1537,2017-09-30,2.67
1537,2017-12-31,2.9
1537,2018-03-31,2.44
1537,2018-06-30,3.67
1537,2018-09-30,3.5
1537,2018-12-31,2.42
1537,2019-03-31,3.14
1537,2019-06-30,3.15
1537,2019-09-30,3.09
1537,2019-12-31,2.94
1537,2020-03-31,2.57
1537,2020-06-30,2.39
1537,2020-09-30,2.95
1537,2020-12-31,2.84
1537,2021-03-31,2.77
1537,2021-06-30,2.46
1537,2021-09-30,0.66
1537,2021-12-31,1.69
1537,2022-03-31,3.16
1537,2022-06-30,3.23
1537,2022-09-30,3.09
1537,2022-12-31,1.29
1537,2023-03-31,1.48
1537,2023-06-30,2.07
1537,2023-09-30,2.21
1537,2023-12-31,1.67
1537,2024-03-31,2.54
1537,2024-06-30,3.29
1537,2024-09-30,3.4
1537,2024-12-31,2.52
1537,2025-03-31,2.46
1537,2025-06-30,1.24
1537,2025-09-30,2.06
1538,2017-03-31,0.15
1538,2017-06-30,-1.31
1538,2017-09-30,-0.48
1538,2017-12-31,-0.21
1538,2018-03-31,-0.47
1538,2018-06-30,-0.63
1538,2018-09-30,-0.13
1538,2018-12-31,-0.54
1538,2019-03-31,-0.83
1538,2019-06-30,-0.14
1538,2019-09-30,-0.14
1538,2019-12-31,-1.52
1538,2020-03-31,1.43
1538,2020-06-30,-0.13
1538,2020-09-30,0.54
1538,2020-12-31,-2.41
1538,2021-03-31,-0.64
1538,2021-06-30,-0.5
1538,2021-09-30,-0.67
1538,2021-12-31,-3.32
1538,2022-03-31,-1.16
1538,2022-06-30,0.39
1538,2022-09-30,-0.14
1538,2022-12-31,0.03
1538,2023-03-31,-0.36
1538,2023-06-30,0.48
1538,2023-09-30,-0.75
1538,2023-12-31,-0.01
1538,2024-03-31,-0.36
1538,2024-06-30,-0.25
1538,2024-09-30,-0.39
1538,2024-12-31,-0.7
1538,2025-03-31,-0.58
1538,2025-06-30,1.04
1538,2025-09-30,-0.82
1539,2017-03-31,-0.43
1539,2017-06-30,0.72
1539,2017-09-30,0.54
1539,2017-12-31,0.34
1539,2018-03-31,0.21
1539,2018-06-30,1.04
1539,2018-09-30,0.29
1539,2018-12-31,3.53
1539,2019-03-31,0.65
1539,2019-06-30,0.34
1539,2019-09-30,0.4
1539,2019-12-31,-0.32
1539,2020-03-31,0.42
1539,2020-06-30,-0.16
1539,2020-09-30,-0.18
1539,2020-12-31,-0.36
1539,2021-03-31,0.14
1539,2021-06-30,0.14
1539,2021-09-30,0.82
1539,2021-12-31,0.25
1539,2022-03-31,1.5
1539,2022-06-30,3.06
1539,2022-09-30,1.72
1539,2022-12-31,-0.28
1539,2023-03-31,-0.05
1539,2023-06-30,0.41
1539,2023-09-30,0.58
1539,2023-12-31,0.02
1539,2024-03-31,0.64
1539,2024-06-30,0.41
1539,2024-09-30,0.03
1539,2024-12-31,0.33
1539,2025-03-31,0.25
1539,2025-06-30,-0.67
1539,2025-09-30,0.34
1540,2017-03-31,-0.31
1540,2017-06-30,0.37
1540,2017-09-30,0.45
1540,2017-12-31,0.03
1540,2018-03-31,0.09
1540,2018-06-30,0.78
1540,2018-09-30,0.27
1540,2018-12-31,0.45
1540,2019-03-31,0.6
1540,2019-06-30,0.73
1540,2019-09-30,0.35
1540,2019-12-31,-0.33
1540,2020-03-31,0.24
1540,2020-06-30,-0.45
1540,2020-09-30,-0.17
1540,2020-12-31,0.14
1540,2021-03-31,0.24
1540,2021-06-30,-0.17
1540,2021-09-30,-0.03
1540,2021-12-31,-0.08
1540,2022-03-31,0.39
1540,2022-06-30,0.32
1540,2022-09-30,0.59
1540,2022-12-31,-0.03
1540,2023-03-31,0.14
1540,2023-06-30,0.55
1540,2023-09-30,0.39
1540,2023-12-31,0.22
1540,2024-03-31,0.66
1540,2024-06-30,0.82
1540,2024-09-30,0.14
1540,2024-12-31,0.5
1540,2025-03-31,0.5
1540,2025-06-30,-0.37
1540,2025-09-30,0.41
1541,2017-03-31,-0.05
1541,2017-06-30,0.56
1541,2017-09-30,0.72
1541,2017-12-31,0.48
1541,2018-03-31,0.05
1541,2018-06-30,0.84
1541,2018-09-30,0.47
1541,2018-12-31,-0.36
1541,2019-03-31,0.57
1541,2019-06-30,0.65
1541,2019-09-30,1.31
1541,2019-12-31,0.66
1541,2020-03-31,1.59
1541,2020-06-30,1.15
1541,2020-09-30,1.46
1541,2020-12-31,1.59
1541,2021-03-31,1.03
1541,2021-06-30,0.14
1541,2021-09-30,1.45
1541,2021-12-31,1.18
1541,2022-03-31,2.2
1541,2022-06-30,1.33
1541,2022-09-30,1.24
1541,2022-12-31,-1.32
1541,2023-03-31,0.4
1541,2023-06-30,-0.36
1541,2023-09-30,0.93
1541,2023-12-31,0.49
1541,2024-03-31,0.76
1541,2024-06-30,0.38
1541,2024-09-30,-0.21
1541,2024-12-31,0.13
1541,2025-03-31,0.53
1541,2025-06-30,-0.32
1541,2025-09-30,1.11
1558,2017-03-31,-1.37
1558,2017-06-30,4.11
1558,2017-09-30,3.79
1558,2017-12-31,2.15
1558,2018-03-31,-0.91
1558,2018-06-30,6.98
1558,2018-09-30,6.66
1558,2018-12-31,2.53
1558,2019-03-31,1.34
1558,2019-06-30,3.43
1558,2019-09-30,4.48
1558,2019-12-31,1.91
1558,2020-03-31,1.95
1558,2020-06-30,3.05
1558,2020-09-30,5.21
1558,2020-12-31,3.55
1558,2021-03-31,5.42
1558,2021-06-30,3.49
1558,2021-09-30,0.16
1558,2021-12-31,-0.39
1558,2022-03-31,2.63
1558,2022-06-30,3.37
1558,2022-09-30,2.06
1558,2022-12-31,0.02
1558,2023-03-31,0.19
1558,2023-06-30,1.45
1558,2023-09-30,1.6
1558,2023-12-31,0.57
1558,2024-03-31,1.42
1558,2024-06-30,2.06
1558,2024-09-30,2.04
1558,2024-12-31,1.29
1558,2025-03-31,1.25
1558,2025-06-30,0.77
1558,2025-09-30,2.25
1560,2017-03-31,1.07
1560,2017-06-30,1.38
1560,2017-09-30,1.52
1560,2017-12-31,1.23
1560,2018-03-31,1.15
1560,2018-06-30,1.12
1560,2018-09-30,1.17
1560,2018-12-31,1.48
1560,2019-03-31,1.0
1560,2019-06-30,0.69
1560,2019-09-30,0.95
1560,2019-12-31,1.17
1560,2020-03-31,0.92
1560,2020-06-30,0.96
1560,2020-09-30,0.9
1560,2020-12-31,0.85
1560,2021-03-31,1.05
1560,2021-06-30,0.98
1560,2021-09-30,1.13
1560,2021-12-31,1.62
1560,2022-03-31,2.2
1560,2022-06-30,2.72
1560,2022-09-30,2.43
1560,2022-12-31,1.36
1560,2023-03-31,1.24
1560,2023-06-30,1.54
1560,2023-09-30,2.02
1560,2023-12-31,1.11
1560,2024-03-31,1.77
1560,2024-06-30,1.75
1560,2024-09-30,1.96
1560,2024-12-31,1.62
1560,2025-03-31,1.96
1560,2025-06-30,1.82
1560,2025-09-30,2.24
1563,2017-06-30,3.02
1563,2017-12-31,2.75
1563,2018-06-30,3.42
1563,2018-12-31,2.67
1563,2019-06-30,2.72
1563,2019-12-31,0.48
1563,2020-06-30,-0.97
1563,2020-12-31,2.11
1563,2021-06-30,0.58
1563,2021-12-31,1.17
1563,2022-06-30,1.73
1563,2022-12-31,1.17
1563,2023-06-30,1.45
1563,2023-09-30,0.7
1563,2023-12-31,0.73
1563,2024-03-31,1.17
1563,2024-06-30,0.71
1563,2024-09-30,0.78
1563,2024-12-31,0.64
1563,2025-03-31,1.53
1563,2025-06-30,-0.25
1563,2025-09-30,0.19
1563,2025-12-31,-0.05
1568,2017-03-31,0.24
1568,2017-06-30,0.63
1568,2017-09-30,0.38
1568,2017-12-31,0.61
1568,2018-03-31,0.64
1568,2018-06-30,0.26
1568,2018-09-30,0.02
1568,2018-12-31,0.0
1568,2019-03-31,0.2
1568,2019-06-30,0.21
1568,2019-09-30,-0.17
1568,2019-12-31,0.03
1568,2020-03-31,-0.2
1568,2020-06-30,0.03
1568,2020-09-30,0.21
1568,2020-12-31,0.06
1568,2021-03-31,-0.02
1568,2021-06-30,-0.06
1568,2021-09-30,0.1
1568,2021-12-31,0.27
1568,2022-03-31,0.44
1568,2022-06-30,0.44
1568,2022-09-30,0.47
1568,2022-12-31,0.27
1568,2023-03-31,0.3
1568,2023-06-30,0.52
1568,2023-09-30,2.21
1568,2023-12-31,-0.36
1568,2024-03-31,0.77
1568,2024-06-30,0.27
1568,2024-09-30,0.29
1568,2024-12-31,0.26
1568,2025-03-31,0.53
1568,2025-06-30,0.01
1568,2025-09-30,0.34
1582,2017-03-31,1.35
1582,2017-06-30,1.67
1582,2017-09-30,1.49
1582,2017-12-31,0.91
1582,2018-03-31,0.6
1582,2018-06-30,1.72
1582,2018-09-30,1.77
1582,2018-12-31,1.79
1582,2019-03-31,1.45
1582,2019-06-30,1.85
1582,2019-09-30,2.4
1582,2019-12-31,1.91
1582,2020-03-31,1.07
1582,2020-06-30,2.95
1582,2020-09-30,2.11
1582,2020-12-31,1.68
1582,2021-03-31,1.02
1582,2021-06-30,0.2
1582,2021-09-30,0.6
1582,2021-12-31,0.21
1582,2022-03-31,0.25
1582,2022-06-30,1.22
1582,2022-09-30,1.3
1582,2022-12-31,0.23
1582,2023-03-31,0.3
1582,2023-06-30,1.38
1582,2023-09-30,2.04
1582,2023-12-31,1.4
1582,2024-03-31,1.73
1582,2024-06-30,2.32
1582,2024-09-30,1.52
1582,2024-12-31,1.56
1582,2025-03-31,1.05
1582,2025-06-30,0.84
1582,2025-09-30,1.09
1582,2025-12-31,0.47
1583,2017-03-31,-0.16
1583,2017-06-30,1.04
1583,2017-09-30,1.47
1583,2017-12-31,1.09
1583,2018-03-31,0.54
1583,2018-06-30,2.21
1583,2018-09-30,1.15
1583,2018-12-31,1.51
1583,2019-03-31,0.93
1583,2019-06-30,0.83
1583,2019-09-30,0.61
1583,2019-12-31,0.06
1583,2020-03-31,2.98
1583,2020-06-30,0.85
1583,2020-09-30,0.09
1583,2020-12-31,0.47
1583,2021-03-31,1.04
1583,2021-06-30,1.78
1583,2021-09-30,-0.31
1583,2021-12-31,0.79
1583,2022-03-31,1.09
1583,2022-06-30,2.02
1583,2022-09-30,2.19
1583,2022-12-31,1.12
1583,2023-03-31,1.25
1583,2023-06-30,0.93
1583,2023-09-30,2.44
1583,2023-12-31,1.84
1583,2024-03-31,0.36
1583,2024-06-30,1.52
1583,2024-09-30,1.53
1583,2024-12-31,7.96
1583,2025-03-31,-7.39
1583,2025-06-30,-1.24
1583,2025-09-30,2.88
1587,2017-06-30,0.15
1587,2017-09-30,0.19
1587,2017-12-31,-0.07
1587,2018-03-31,-0.18
1587,2018-06-30,0.06
1587,2018-09-30,0.1
1587,2018-12-31,0.62
1587,2019-03-31,0.04
1587,2019-06-30,0.09
1587,2019-09-30,-0.05
1587,2019-12-31,-0.03
1587,2020-03-31,0.09
1587,2020-06-30,1.46
1587,2020-09-30,0.57
1587,2020-12-31,0.52
1587,2021-03-31,0.37
1587,2021-06-30,0.54
1587,2021-09-30,0.35
1587,2021-12-31,0.23
1587,2022-03-31,0.44
1587,2022-06-30,0.68
1587,2022-09-30,0.65
1587,2022-12-31,0.24
1587,2023-03-31,0.09
1587,2023-06-30,0.3
1587,2023-09-30,0.22
1587,2023-12-31,0.0
1587,2024-03-31,0.04
1587,2024-06-30,-0.4
1587,2024-09-30,-0.07
1587,2024-12-31,-0.04
1587,2025-03-31,0.01
1587,2025-06-30,0.06
1587,2025-09-30,0.17
1589,2017-03-31,0.6
1589,2017-06-30,1.68
1589,2017-09-30,0.53
1589,2017-12-31,-0.53
1589,2018-03-31,-0.37
1589,2018-06-30,-1.14
1589,2018-09-30,-0.41
1589,2018-12-31,-0.56
1589,2019-03-31,-1.0
1589,2019-06-30,0.18
1589,2019-09-30,0.74
1589,2019-12-31,1.62
1589,2020-03-31,-1.06
1589,2020-06-30,1.81
1589,2020-09-30,1.95
1589,2020-12-31,2.11
1589,2021-03-31,1.13
1589,2021-06-30,1.28
1589,2021-09-30,0.27
1589,2021-12-31,-0.73
1589,2022-03-31,-1.75
1589,2022-06-30,-0.81
1589,2022-09-30,-1.21
1589,2022-12-31,-0.19
1589,2023-03-31,0.62
1589,2023-06-30,0.73
1589,2023-09-30,-1.95
1589,2023-12-31,-1.75
1589,2024-03-31,-4.62
1589,2024-06-30,-3.33
1589,2024-09-30,2.82
1589,2024-12-31,-0.04
1589,2025-03-31,-1.87
1589,2025-06-30,-0.84
1589,2025-09-30,-2.35
1590,2017-03-31,3.5
1590,2017-06-30,5.51
1590,2017-09-30,4.87
1590,2017-12-31,4.19
1590,2018-03-31,4.65
1590,2018-06-30,4.36
1590,2018-09-30,2.41
1590,2018-12-31,3.6
1590,2019-03-31,3.63
1590,2019-06-30,4.09
1590,2019-09-30,2.32
1590,2019-12-31,4.38
1590,2020-03-31,2.14
1590,2020-06-30,6.97
1590,2020-09-30,8.15
1590,2020-12-31,8.37
1590,2021-03-31,7.66
1590,2021-06-30,9.46
1590,2021-09-30,8.47
1590,2021-12-31,8.08
1590,2022-03-31,8.39
1590,2022-06-30,8.01
1590,2022-09-30,6.96
1590,2022-12-31,6.71
1590,2023-03-31,8.11
1590,2023-06-30,8.52
1590,2023-09-30,9.7
1590,2023-12-31,8.5
1590,2024-03-31,9.15
1590,2024-06-30,11.3
1590,2024-09-30,8.66
1590,2024-12-31,9.01
1590,2025-03-31,9.68
1590,2025-06-30,10.18
1590,2025-09-30,10.5
1597,2017-03-31,0.21
1597,2017-06-30,1.02
1597,2017-09-30,1.37
1597,2017-12-31,1.43
1597,2018-03-31,1.69
1597,2018-06-30,1.72
1597,2018-09-30,1.7
1597,2018-12-31,1.29
1597,2019-03-31,0.61
1597,2019-06-30,0.49
1597,2019-09-30,0.51
1597,2019-12-31,0.54
1597,2020-03-31,0.54
1597,2020-06-30,0.67
1597,2020-09-30,0.58
1597,2020-12-31,0.72
1597,2021-03-31,0.82
1597,2021-06-30,1.03
1597,2021-09-30,1.21
1597,2021-12-31,0.76
1597,2022-03-31,0.9
1597,2022-06-30,1.13
1597,2022-09-30,0.82
1597,2022-12-31,1.06
1597,2023-03-31,0.43
1597,2023-06-30,0.5
1597,2023-09-30,0.29
1597,2023-12-31,-0.1
1597,2024-03-31,0.41
1597,2024-06-30,0.22
1597,2024-09-30,0.15
1597,2024-12-31,0.3
1597,2025-03-31,0.16
1597,2025-06-30,0.01
1597,2025-09-30,0.33
1597,2025-12-31,0.41
1598,2017-03-31,-0.91
1598,2017-06-30,-0.56
1598,2017-09-30,-0.18
1598,2017-12-31,0.03
1598,2018-03-31,-1.12
1598,2018-06-30,0.67
1598,2018-09-30,0.53
1598,2018-12-31,1.12
1598,2019-03-31,0.65
1598,2019-06-30,-0.16
1598,2019-09-30,0.74
1598,2019-12-31,0.82
1598,2020-03-31,0.01
1598,2020-06-30,1.77
1598,2020-09-30,3.84
1598,2020-12-31,6.07
1598,2021-03-31,2.1
1598,2021-06-30,0.39
1598,2021-09-30,0.87
1598,2021-12-31,0.12
1598,2022-03-31,-0.34
1598,2022-06-30,-0.49
1598,2022-09-30,0.6
1598,2022-12-31,-0.38
1598,2023-03-31,-0.9
1598,2023-06-30,-0.28
1598,2023-09-30,0.26
1598,2023-12-31,0.04
1598,2024-03-31,0.22
1598,2024-06-30,-0.71
1598,2024-09-30,-0.81
1598,2024-12-31,1.75
1598,2025-03-31,-0.49
1598,2025-06-30,-1.12
1598,2025-09-30,0.38
1603,2017-03-31,0.57
1603,2017-06-30,0.18
1603,2017-09-30,0.77
1603,2017-12-31,0.25
1603,2018-03-31,0.1
1603,2018-06-30,-0.02
1603,2018-09-30,0.63
1603,2018-12-31,0.11
1603,2019-03-31,0.05
1603,2019-06-30,0.35
1603,2019-09-30,0.53
1603,2019-12-31,0.53
1603,2020-03-31,0.07
1603,2020-06-30,0.34
1603,2020-09-30,1.55
1603,2020-12-31,0.09
1603,2021-03-31,0.49
1603,2021-06-30,0.31
1603,2021-09-30,0.64
1603,2021-12-31,0.34
1603,2022-03-31,0.28
1603,2022-06-30,0.36
1603,2022-09-30,1.07
1603,2022-12-31,0.36
1603,2023-03-31,0.41
1603,2023-06-30,0.71
1603,2023-09-30,1.08
1603,2023-12-31,0.79
1603,2024-03-31,0.67
1603,2024-06-30,0.51
1603,2024-09-30,1.02
1603,2024-12-31,0.65
1603,2025-03-31,0.86
1603,2025-06-30,0.97
1603,2025-09-30,1.2
1604,2017-03-31,0.2
1604,2017-06-30,0.36
1604,2017-09-30,0.26
1604,2017-12-31,-0.15
1604,2018-03-31,0.24
1604,2018-06-30,0.49
1604,2018-09-30,0.68
1604,2018-12-31,0.11
1604,2019-03-31,0.28
1604,2019-06-30,1.34
1604,2019-09-30,0.34
1604,2019-12-31,0.04
1604,2020-03-31,0.32
1604,2020-06-30,0.47
1604,2020-09-30,3.78
1604,2020-12-31,0.29
1604,2021-03-31,0.5
1604,2021-06-30,0.56
1604,2021-09-30,3.24
1604,2021-12-31,0.22
1604,2022-03-31,0.5
1604,2022-06-30,0.53
1604,2022-09-30,0.6
1604,2022-12-31,0.19
1604,2023-03-31,0.5
1604,2023-06-30,0.64
1604,2023-09-30,0.55
1604,2023-12-31,0.31
1604,2024-03-31,0.61
1604,2024-06-30,0.66
1604,2024-09-30,0.47
1604,2024-12-31,0.35
1604,2025-03-31,0.57
1604,2025-06-30,0.36
1604,2025-09-30,0.36
1605,2017-03-31,0.26
1605,2017-06-30,0.19
1605,2017-09-30,1.06
1605,2017-12-31,0.46
1605,2018-03-31,1.17
1605,2018-06-30,1.12
1605,2018-09-30,0.87
1605,2018-12-31,0.37
1605,2019-03-31,0.15
1605,2019-06-30,0.49
1605,2019-09-30,0.02
1605,2019-12-31,0.29
1605,2020-03-31,0.03
1605,2020-06-30,0.87
1605,2020-09-30,0.56
1605,2020-12-31,0.58
1605,2021-03-31,0.55
1605,2021-06-30,1.05
1605,2021-09-30,1.32
1605,2021-12-31,1.35
1605,2022-03-31,1.12
1605,2022-06-30,1.59
1605,2022-09-30,2.66
1605,2022-12-31,0.08
1605,2023-03-31,0.56
1605,2023-06-30,0.27
1605,2023-09-30,0.41
1605,2023-12-31,0.08
1605,2024-03-31,0.22
1605,2024-06-30,0.55
1605,2024-09-30,0.07
1605,2024-12-31,-0.15
1605,2025-03-31,0.17
1605,2025-06-30,0.12
1605,2025-09-30,0.23
1605,2025-12-31,0.23
1608,2017-03-31,0.26
1608,2017-06-30,0.19
1608,2017-09-30,0.28
1608,2017-12-31,0.31
1608,2018-03-31,0.09
1608,2018-06-30,-0.37
1608,2018-09-30,-0.79
1608,2018-12-31,-0.39
1608,2019-03-31,0.7
1608,2019-06-30,-0.13
1608,2019-09-30,0.05
1608,2019-12-31,1.25
1608,2020-03-31,-2.49
1608,2020-06-30,1.72
1608,2020-09-30,0.47
1608,2020-12-31,1.06
1608,2021-03-31,2.06
1608,2021-06-30,0.25
1608,2021-09-30,0.24
1608,2021-12-31,0.72
1608,2022-03-31,-0.21
1608,2022-06-30,-0.31
1608,2022-09-30,0.02
1608,2022-12-31,0.41
1608,2023-03-31,0.84
1608,2023-06-30,0.53
1608,2023-09-30,0.17
1608,2023-12-31,0.69
1608,2024-03-31,0.69
1608,2024-06-30,0.5
1608,2024-09-30,0.2
1608,2024-12-31,0.16
1608,2025-03-31,0.37
1608,2025-06-30,0.64
1608,2025-09-30,3.74
1609,2017-03-31,0.05
1609,2017-06-30,0.18
1609,2017-09-30,0.46
1609,2017-12-31,0.14
1609,2018-03-31,0.47
1609,2018-06-30,0.21
1609,2018-09-30,0.05
1609,2018-12-31,0.1
1609,2019-03-31,0.2
1609,2019-06-30,0.17
1609,2019-09-30,0.19
1609,2019-12-31,0.3
1609,2020-03-31,0.24
1609,2020-06-30,0.54
1609,2020-09-30,0.29
1609,2020-12-31,0.38
1609,2021-03-31,0.74
1609,2021-06-30,0.61
1609,2021-09-30,-0.03
1609,2021-12-31,0.98
1609,2022-03-31,0.36
1609,2022-06-30,-0.11
1609,2022-09-30,0.41
1609,2022-12-31,0.58
1609,2023-03-31,2.65
1609,2023-06-30,0.65
1609,2023-09-30,0.23
1609,2023-12-31,0.38
1609,2024-03-31,0.34
1609,2024-06-30,1.24
1609,2024-09-30,0.26
1609,2024-12-31,0.25
1609,2025-03-31,-0.09
1609,2025-06-30,1.27
1609,2025-09-30,0.44
1611,2017-03-31,0.03
1611,2017-06-30,-0.16
1611,2017-09-30,-0.3
1611,2017-12-31,1.98
1611,2018-03-31,0.0
1611,2018-06-30,-0.09
1611,2018-09-30,-0.09
1611,2018-12-31,0.35
1611,2019-03-31,0.11
1611,2019-06-30,0.01
1611,2019-09-30,-0.06
1611,2019-12-31,1.88
1611,2020-03-31,0.05
1611,2020-06-30,0.07
1611,2020-09-30,0.07
1611,2020-12-31,0.04
1611,2021-03-31,0.08
1611,2021-06-30,-0.07
1611,2021-09-30,0.09
1611,2021-12-31,0.76
1611,2022-03-31,0.07
1611,2022-06-30,0.07
1611,2022-09-30,0.05
1611,2022-12-31,0.05
1611,2023-03-31,0.12
1611,2023-06-30,0.12
1611,2023-09-30,0.13
1611,2023-12-31,0.09
1611,2024-03-31,0.18
1611,2024-06-30,0.14
1611,2024-09-30,0.11
1611,2024-12-31,0.07
1611,2025-03-31,0.12
1611,2025-06-30,-0.14
1611,2025-09-30,0.12
1612,2017-03-31,0.2
1612,2017-06-30,0.23
1612,2017-09-30,0.17
1612,2017-12-31,0.05
1612,2018-03-31,0.13
1612,2018-06-30,0.1
1612,2018-09-30,0.21
1612,2018-12-31,-0.05
1612,2019-03-31,0.25
1612,2019-06-30,0.22
1612,2019-09-30,0.06
1612,2019-12-31,0.11
1612,2020-03-31,-0.16
1612,2020-06-30,0.49
1612,2020-09-30,0.81
1612,2020-12-31,0.5
1612,2021-03-31,0.56
1612,2021-06-30,0.58
1612,2021-09-30,0.36
1612,2021-12-31,7.04
1612,2022-03-31,0.36
1612,2022-06-30,0.09
1612,2022-09-30,0.25
1612,2022-12-31,0.42
1612,2023-03-31,0.5
1612,2023-06-30,0.55
1612,2023-09-30,0.38
1612,2023-12-31,0.56
1612,2024-03-31,0.58
1612,2024-06-30,0.9
1612,2024-09-30,0.44
1612,2024-12-31,0.46
1612,2025-03-31,0.6
1612,2025-06-30,0.89
1612,2025-09-30,0.7
1614,2017-03-31,0.12
1614,2017-06-30,0.25
1614,2017-09-30,0.25
1614,2017-12-31,0.2
1614,2018-03-31,0.15
1614,2018-06-30,0.27
1614,2018-09-30,0.24
1614,2018-12-31,0.12
1614,2019-03-31,0.17
1614,2019-06-30,0.21
1614,2019-09-30,0.28
1614,2019-12-31,0.29
1614,2020-03-31,0.13
1614,2020-06-30,0.48
1614,2020-09-30,0.55
1614,2020-12-31,0.2
1614,2021-03-31,0.23
1614,2021-06-30,0.42
1614,2021-09-30,0.43
1614,2021-12-31,0.34
1614,2022-03-31,0.21
1614,2022-06-30,0.34
1614,2022-09-30,0.35
1614,2022-12-31,0.23
1614,2023-03-31,0.19
1614,2023-06-30,0.42
1614,2023-09-30,0.39
1614,2023-12-31,0.24
1614,2024-03-31,0.07
1614,2024-06-30,0.07
1614,2024-09-30,0.32
1614,2024-12-31,0.37
1614,2025-03-31,0.12
1614,2025-06-30,0.26
1614,2025-09-30,0.28
1615,2017-03-31,0.06
1615,2017-06-30,0.41
1615,2017-09-30,0.47
1615,2017-12-31,0.37
1615,2018-03-31,0.28
1615,2018-06-30,0.47
1615,2018-09-30,0.63
1615,2018-12-31,0.38
1615,2019-03-31,0.23
1615,2019-06-30,0.53
1615,2019-09-30,0.57
1615,2019-12-31,0.85
1615,2020-03-31,0.18
1615,2020-06-30,0.62
1615,2020-09-30,0.94
1615,2020-12-31,0.93
1615,2021-03-31,0.36
1615,2021-06-30,1.66
1615,2021-09-30,0.25
1615,2021-12-31,1.0
1615,2022-03-31,0.78
1615,2022-06-30,0.62
1615,2022-09-30,0.37
1615,2022-12-31,1.13
1615,2023-03-31,0.67
1615,2023-06-30,0.58
1615,2023-09-30,0.94
1615,2023-12-31,1.02
1615,2024-03-31,0.99
1615,2024-06-30,1.12
1615,2024-09-30,0.88
1615,2024-12-31,0.97
1615,2025-03-31,1.06
1615,2025-06-30,1.22
1615,2025-09-30,1.06
1616,2017-03-31,-0.06
1616,2017-06-30,0.06
1616,2017-09-30,-0.21
1616,2017-12-31,-0.37
1616,2018-03-31,0.08
1616,2018-06-30,0.04
1616,2018-09-30,-0.02
1616,2018-12-31,-0.04
1616,2019-03-31,0.02
1616,2019-06-30,-0.06
1616,2019-09-30,-0.13
1616,2019-12-31,-0.14
1616,2020-03-31,-0.1
1616,2020-06-30,0.09
1616,2020-09-30,0.04
1616,2020-12-31,-0.02
1616,2021-03-31,0.03
1616,2021-06-30,0.2
1616,2021-09-30,0.12
1616,2021-12-31,0.15
1616,2022-03-31,0.04
1616,2022-06-30,-0.02
1616,2022-09-30,-0.28
1616,2022-12-31,0.36
1616,2023-03-31,0.09
1616,2023-06-30,0.33
1616,2023-09-30,0.18
1616,2023-12-31,0.59
1616,2024-03-31,0.14
1616,2024-06-30,-0.06
1616,2024-09-30,0.42
1616,2024-12-31,1.54
1616,2025-03-31,0.6
1616,2025-06-30,1.05
1616,2025-09-30,0.57
1617,2017-03-31,0.0
1617,2017-06-30,0.26
1617,2017-09-30,0.41
1617,2017-12-31,0.14
1617,2018-03-31,0.15
1617,2018-06-30,0.57
1617,2018-09-30,0.46
1617,2018-12-31,0.32
1617,2019-03-31,0.08
1617,2019-06-30,0.19
1617,2019-09-30,0.25
1617,2019-12-31,0.1
1617,2020-03-31,0.23
1617,2020-06-30,0.23
1617,2020-09-30,0.42
1617,2020-12-31,0.14
1617,2021-03-31,0.46
1617,2021-06-30,0.46
1617,2021-09-30,0.32
1617,2021-12-31,0.21
1617,2022-03-31,0.2
1617,2022-06-30,0.21
1617,2022-09-30,0.04
1617,2022-12-31,-0.12
1617,2023-03-31,0.18
1617,2023-06-30,0.15
1617,2023-09-30,0.12
1617,2023-12-31,-0.36
1617,2024-03-31,0.15
1617,2024-06-30,0.28
1617,2024-09-30,-0.13
1617,2024-12-31,0.25
1617,2025-03-31,-0.12
1617,2025-06-30,-0.35
1617,2025-09-30,0.09
1618,2017-03-31,-0.03
1618,2017-06-30,0.28
1618,2017-09-30,-0.02
1618,2017-12-31,0.12
1618,2018-03-31,0.04
1618,2018-06-30,0.19
1618,2018-09-30,0.02
1618,2018-12-31,-0.29
1618,2019-03-31,-0.11
1618,2019-06-30,-0.06
1618,2019-09-30,0.28
1618,2019-12-31,0.17
1618,2020-03-31,-0.03
1618,2020-06-30,0.23
1618,2020-09-30,0.63
1618,2020-12-31,0.17
1618,2021-03-31,0.28
1618,2021-06-30,0.23
1618,2021-09-30,0.2
1618,2021-12-31,0.33
1618,2022-03-31,0.34
1618,2022-06-30,0.27
1618,2022-09-30,0.21
1618,2022-12-31,0.47
1618,2023-03-31,0.28
1618,2023-06-30,0.39
1618,2023-09-30,0.47
1618,2023-12-31,0.87
1618,2024-03-31,0.62
1618,2024-06-30,0.91
1618,2024-09-30,1.18
1618,2024-12-31,1.0
1618,2025-03-31,1.23
1618,2025-06-30,1.02
1618,2025-09-30,1.01
1623,2023-12-31,12.17
1623,2024-06-30,6.4
1623,2024-09-30,3.77
1623,2024-12-31,2.41
1623,2025-06-30,6.51
1623,2025-09-30,2.91
1626,2017-03-31,0.31
1626,2017-06-30,1.04
1626,2017-09-30,-0.94
1626,2017-12-31,-0.38
1626,2018-03-31,-0.45
1626,2018-06-30,0.38
1626,2018-09-30,-0.93
1626,2018-12-31,0.88
1626,2019-03-31,0.36
1626,2019-06-30,2.09
1626,2019-09-30,0.03
1626,2019-12-31,-0.43
1626,2020-03-31,-0.4
1626,2020-06-30,1.97
1626,2020-09-30,-0.46
1626,2020-12-31,0.01
1626,2021-03-31,-0.26
1626,2021-06-30,-0.27
1626,2021-09-30,-0.99
1626,2021-12-31,-0.59
1626,2022-03-31,2.99
1626,2022-06-30,1.45
1626,2022-09-30,-0.17
1626,2022-12-31,-1.02
1626,2023-03-31,-0.22
1626,2023-06-30,1.17
1626,2023-09-30,-0.73
1626,2023-12-31,-0.05
1626,2024-03-31,-0.41
1626,2024-06-30,0.35
1626,2024-09-30,-0.58
1626,2024-12-31,-0.41
1626,2025-03-31,-0.43
1626,2025-06-30,0.94
1626,2025-09-30,-0.81
1702,2017-03-31,0.86
1702,2017-06-30,1.12
1702,2017-09-30,1.05
1702,2017-12-31,0.98
1702,2018-03-31,0.89
1702,2018-06-30,1.05
1702,2018-09-30,0.78
1702,2018-12-31,1.37
1702,2019-03-31,0.8
1702,2019-06-30,0.83
1702,2019-09-30,0.87
1702,2019-12-31,1.4
1702,2020-03-31,0.31
1702,2020-06-30,0.93
1702,2020-09-30,1.35
1702,2020-12-31,1.25
1702,2021-03-31,1.13
1702,2021-06-30,1.04
1702,2021-09-30,1.03
1702,2021-12-31,1.12
1702,2022-03-31,0.75
1702,2022-06-30,0.65
1702,2022-09-30,0.4
1702,2022-12-31,0.46
1702,2023-03-31,0.54
1702,2023-06-30,0.97
1702,2023-09-30,1.13
1702,2023-12-31,1.56
1702,2024-03-31,1.45
1702,2024-06-30,1.09
1702,2024-09-30,0.57
1702,2024-12-31,0.96
1702,2025-03-31,0.52
1702,2025-06-30,0.18
1702,2025-09-30,0.14
1707,2017-03-31,1.92
1707,2017-06-30,2.38
1707,2017-09-30,2.45
1707,2017-12-31,3.28
1707,2018-03-31,1.93
1707,2018-06-30,2.14
1707,2018-09-30,2.5
1707,2018-12-31,3.0
1707,2019-03-31,1.93
1707,2019-06-30,2.32
1707,2019-09-30,2.24
1707,2019-12-31,3.14
1707,2020-03-31,1.93
1707,2020-06-30,2.09
1707,2020-09-30,2.23
1707,2020-12-31,3.09
1707,2021-03-31,1.6
1707,2021-06-30,2.2
1707,2021-09-30,2.04
1707,2021-12-31,2.97
1707,2022-03-31,1.59
1707,2022-06-30,2.6
1707,2022-09-30,2.46
1707,2022-12-31,3.19
1707,2023-03-31,1.89
1707,2023-06-30,2.28
1707,2023-09-30,2.48
1707,2023-12-31,3.16
1707,2024-03-31,1.74
1707,2024-06-30,2.21
1707,2024-09-30,2.81
1707,2024-12-31,3.02
1707,2025-03-31,1.4
1707,2025-06-30,1.82
1707,2025-09-30,2.0
1708,2017-03-31,0.51
1708,2017-06-30,0.65
1708,2017-09-30,0.61
1708,2017-12-31,0.67
1708,2018-03-31,0.5
1708,2018-06-30,0.45
1708,2018-09-30,0.54
1708,2018-12-31,0.25
1708,2019-03-31,0.28
1708,2019-06-30,0.37
1708,2019-09-30,0.3
1708,2019-12-31,0.35
1708,2020-03-31,0.13
1708,2020-06-30,0.07
1708,2020-09-30,0.24
1708,2020-12-31,0.32
1708,2021-03-31,0.23
1708,2021-06-30,0.57
1708,2021-09-30,0.52
1708,2021-12-31,1.37
1708,2022-03-31,1.51
1708,2022-06-30,1.43
1708,2022-09-30,1.71
1708,2022-12-31,0.19
1708,2023-03-31,-0.55
1708,2023-06-30,-0.37
1708,2023-09-30,0.42
1708,2023-12-31,0.39
1708,2024-03-31,0.81
1708,2024-06-30,1.16
1708,2024-09-30,1.17
1708,2024-12-31,0.77
1708,2025-03-31,1.03
1708,2025-06-30,0.1
1708,2025-09-30,1.07
1709,2017-03-31,0.32
1709,2017-06-30,0.51
1709,2017-09-30,0.3
1709,2017-12-31,0.19
1709,2018-03-31,0.22
1709,2018-06-30,0.43
1709,2018-09-30,0.23
1709,2018-12-31,-0.11
1709,2019-03-31,0.14
1709,2019-06-30,0.11
1709,2019-09-30,0.11
1709,2019-12-31,0.08
1709,2020-03-31,0.2
1709,2020-06-30,0.27
1709,2020-09-30,0.38
1709,2020-12-31,0.31
1709,2021-03-31,0.53
1709,2021-06-30,0.59
1709,2021-09-30,0.59
1709,2021-12-31,0.28
1709,2022-03-31,0.68
1709,2022-06-30,0.75
1709,2022-09-30,0.54
1709,2022-12-31,0.3
1709,2023-03-31,0.2
1709,2023-06-30,0.26
1709,2023-09-30,0.33
1709,2023-12-31,0.09
1709,2024-03-31,0.39
1709,2024-06-30,0.57
1709,2024-09-30,0.41
1709,2024-12-31,0.17
1709,2025-03-31,0.4
1709,2025-06-30,0.13
1709,2025-09-30,0.34
1710,2017-03-31,0.52
1710,2017-06-30,0.01
1710,2017-09-30,1.15
1710,2017-12-31,0.33
1710,2018-03-31,0.69
1710,2018-06-30,0.56
1710,2018-09-30,0.63
1710,2018-12-31,0.13
1710,2019-03-31,0.22
1710,2019-06-30,-0.19
1710,2019-09-30,0.06
1710,2019-12-31,-0.05
1710,2020-03-31,-0.31
1710,2020-06-30,-0.17
1710,2020-09-30,-0.2
1710,2020-12-31,-0.54
1710,2021-03-31,0.64
1710,2021-06-30,0.06
1710,2021-09-30,0.26
1710,2021-12-31,0.07
1710,2022-03-31,-0.08
1710,2022-06-30,-0.22
1710,2022-09-30,-0.29
1710,2022-12-31,0.63
1710,2023-03-31,0.72
1710,2023-06-30,-0.09
1710,2023-09-30,-0.17
1710,2023-12-31,-0.16
1710,2024-03-31,0.03
1710,2024-06-30,0.01
1710,2024-09-30,0.06
1710,2024-12-31,-0.08
1710,2025-03-31,-0.11
1710,2025-06-30,-0.19
1710,2025-09-30,-0.28
1711,2017-03-31,0.17
1711,2017-06-30,0.1
1711,2017-09-30,0.2
1711,2017-12-31,0.2
1711,2018-03-31,0.19
1711,2018-06-30,0.17
1711,2018-09-30,0.26
1711,2018-12-31,0.11
1711,2019-03-31,0.23
1711,2019-06-30,0.17
1711,2019-09-30,0.17
1711,2019-12-31,0.09
1711,2020-03-31,0.12
1711,2020-06-30,0.07
1711,2020-09-30,0.04
1711,2020-12-31,0.16
1711,2021-03-31,0.22
1711,2021-06-30,0.31
1711,2021-09-30,0.19
1711,2021-12-31,0.14
1711,2022-03-31,0.22
1711,2022-06-30,0.21
1711,2022-09-30,0.16
1711,2022-12-31,0.09
1711,2023-03-31,0.07
1711,2023-06-30,0.02
1711,2023-09-30,0.08
1711,2023-12-31,-0.01
1711,2024-03-31,0.06
1711,2024-06-30,0.22
1711,2024-09-30,0.08
1711,2024-12-31,0.08
1711,2025-03-31,0.07
1711,2025-06-30,-0.13
1711,2025-09-30,-0.12
1712,2017-03-31,0.38
1712,2017-06-30,0.52
1712,2017-09-30,0.4
1712,2017-12-31,0.2
1712,2018-03-31,0.35
1712,2018-06-30,0.76
1712,2018-09-30,0.29
1712,2018-12-31,0.34
1712,2019-03-31,0.48
1712,2019-06-30,0.48
1712,2019-09-30,0.24
1712,2019-12-31,0.4
1712,2020-03-31,0.05
1712,2020-06-30,0.85
1712,2020-09-30,0.51
1712,2020-12-31,0.29
1712,2021-03-31,0.6
1712,2021-06-30,0.51
1712,2021-09-30,0.62
1712,2021-12-31,0.46
1712,2022-03-31,1.13
1712,2022-06-30,0.98
1712,2022-09-30,1.26
1712,2022-12-31,0.55
1712,2023-03-31,0.76
1712,2023-06-30,0.67
1712,2023-09-30,0.59
1712,2023-12-31,0.48
1712,2024-03-31,0.81
1712,2024-06-30,0.55
1712,2024-09-30,0.58
1712,2024-12-31,0.56
1712,2025-03-31,0.8
1712,2025-06-30,0.71
1712,2025-09-30,0.56
1712,2025-12-31,0.53
1713,2017-03-31,0.12
1713,2017-06-30,0.19
1713,2017-09-30,0.07
1713,2017-12-31,0.1
1713,2018-03-31,0.23
1713,2018-06-30,0.24
1713,2018-09-30,0.19
1713,2018-12-31,0.1
1713,2019-03-31,0.13
1713,2019-06-30,0.28
1713,2019-09-30,0.02
1713,2019-12-31,0.21
1713,2020-03-31,0.1
1713,2020-06-30,0.05
1713,2020-09-30,0.12
1713,2020-12-31,0.34
1713,2021-03-31,0.23
1713,2021-06-30,0.28
1713,2021-09-30,0.27
1713,2021-12-31,0.26
1713,2022-03-31,0.3
1713,2022-06-30,0.31
1713,2022-09-30,0.77
1713,2022-12-31,0.51
1713,2023-03-31,0.59
1713,2023-06-30,0.62
1713,2023-09-30,0.76
1713,2023-12-31,0.35
1713,2024-03-31,0.41
1713,2024-06-30,2.25
1713,2024-09-30,0.31
1713,2024-12-31,7.34
1713,2025-03-31,0.75
1713,2025-06-30,0.63
1713,2025-09-30,1.18
1714,2017-03-31,0.07
1714,2017-06-30,0.06
1714,2017-09-30,0.23
1714,2017-12-31,-0.02
1714,2018-03-31,0.08
1714,2018-06-30,0.06
1714,2018-09-30,0.02
1714,2018-12-31,0.1
1714,2019-03-31,0.1
1714,2019-06-30,0.09
1714,2019-09-30,-0.06
1714,2019-12-31,-0.11
1714,2020-03-31,0.08
1714,2020-06-30,1.94
1714,2020-09-30,-0.14
1714,2020-12-31,-0.2
1714,2021-03-31,0.29
1714,2021-06-30,0.2
1714,2021-09-30,0.24
1714,2021-12-31,-0.01
1714,2022-03-31,0.17
1714,2022-06-30,0.07
1714,2022-09-30,0.11
1714,2022-12-31,0.02
1714,2023-03-31,0.14
1714,2023-06-30,0.17
1714,2023-09-30,0.19
1714,2023-12-31,0.1
1714,2024-03-31,0.29
1714,2024-06-30,-0.02
1714,2024-09-30,0.08
1714,2024-12-31,0.06
1714,2025-03-31,0.08
1714,2025-06-30,0.12
1714,2025-09-30,0.17
1717,2017-03-31,0.44
1717,2017-06-30,0.24
1717,2017-09-30,0.39
1717,2017-12-31,0.58
1717,2018-03-31,0.21
1717,2018-06-30,0.53
1717,2018-09-30,0.35
1717,2018-12-31,0.16
1717,2019-03-31,0.59
1717,2019-06-30,0.49
1717,2019-09-30,0.46
1717,2019-12-31,0.45
1717,2020-03-31,0.17
1717,2020-06-30,0.52
1717,2020-09-30,0.73
1717,2020-12-31,0.63
1717,2021-03-31,0.66
1717,2021-06-30,0.87
1717,2021-09-30,0.79
1717,2021-12-31,0.54
1717,2022-03-31,0.72
1717,2022-06-30,0.71
1717,2022-09-30,0.42
1717,2022-12-31,0.3
1717,2023-03-31,0.12
1717,2023-06-30,0.3
1717,2023-09-30,0.51
1717,2023-12-31,0.35
1717,2024-03-31,0.38
1717,2024-06-30,0.38
1717,2024-09-30,0.38
1717,2024-12-31,0.42
1717,2025-03-31,0.3
1717,2025-06-30,0.3
1717,2025-09-30,0.49
1718,2017-03-31,-0.01
1718,2017-06-30,-0.02
1718,2017-09-30,0.51
1718,2017-12-31,0.22
1718,2018-03-31,0.47
1718,2018-06-30,0.4
1718,2018-09-30,0.24
1718,2018-12-31,0.02
1718,2019-03-31,-0.09
1718,2019-06-30,-0.26
1718,2019-09-30,-0.1
1718,2019-12-31,-0.12
1718,2020-03-31,-0.36
1718,2020-06-30,-0.18
1718,2020-09-30,1.94
1718,2020-12-31,-0.67
1718,2021-03-31,0.1
1718,2021-06-30,-0.09
1718,2021-09-30,0.06
1718,2021-12-31,-0.07
1718,2022-03-31,-0.15
1718,2022-06-30,-0.13
1718,2022-09-30,-0.26
1718,2022-12-31,-0.47
1718,2023-03-31,-0.34
1718,2023-06-30,-0.17
1718,2023-09-30,0.0
1718,2023-12-31,-0.67
1718,2024-03-31,0.01
1718,2024-06-30,0.07
1718,2024-09-30,0.14
1718,2024-12-31,-0.2
1718,2025-03-31,0.02
1718,2025-06-30,-0.06
1718,2025-09-30,0.23
1720,2017-03-31,0.33
1720,2017-06-30,0.56
1720,2017-09-30,0.87
1720,2017-12-31,0.27
1720,2018-03-31,0.35
1720,2018-06-30,0.56
1720,2018-09-30,0.66
1720,2018-12-31,0.52
1720,2019-03-31,0.4
1720,2019-06-30,0.56
1720,2019-09-30,0.6
1720,2019-12-31,0.55
1720,2020-03-31,0.67
1720,2020-06-30,0.73
1720,2020-09-30,0.64
1720,2020-12-31,0.89
1720,2021-03-31,1.17
1720,2021-06-30,0.93
1720,2021-09-30,0.89
1720,2021-12-31,0.96
1720,2022-03-31,0.97
1720,2022-06-30,1.28
1720,2022-09-30,1.33
1720,2022-12-31,0.98
1720,2023-03-31,1.18
1720,2023-06-30,1.33
1720,2023-09-30,1.26
1720,2023-12-31,0.9
1720,2024-03-31,1.41
1720,2024-06-30,1.21
1720,2024-09-30,1.22
1720,2024-12-31,1.09
1720,2025-03-31,1.09
1720,2025-06-30,1.1
1720,2025-09-30,1.72
1720,2025-12-31,1.28
1721,2017-03-31,0.05
1721,2017-06-30,-0.05
1721,2017-09-30,0.2
1721,2017-12-31,0.12
1721,2018-03-31,-0.06
1721,2018-06-30,0.06
1721,2018-09-30,0.03
1721,2018-12-31,0.04
1721,2019-03-31,0.11
1721,2019-06-30,-0.04
1721,2019-09-30,-0.06
1721,2019-12-31,-0.04
1721,2020-03-31,-0.06
1721,2020-06-30,2.81
1721,2020-09-30,-0.09
1721,2020-12-31,-0.23
1721,2021-03-31,-0.22
1721,2021-06-30,0.08
1721,2021-09-30,-0.45
1721,2021-12-31,0.21
1721,2022-03-31,0.14
1721,2022-06-30,0.28
1721,2022-09-30,0.04
1721,2022-12-31,-0.13
1721,2023-03-31,-0.3
1721,2023-06-30,-0.43
1721,2023-09-30,-0.42
1721,2023-12-31,-0.35
1721,2024-03-31,-0.44
1721,2024-06-30,-0.22
1721,2024-09-30,-0.11
1721,2024-12-31,-0.21
1721,2025-03-31,-0.24
1721,2025-06-30,-0.65
1721,2025-09-30,-0.23
1722,2017-03-31,0.52
1722,2017-06-30,0.48
1722,2017-09-30,0.37
1722,2017-12-31,0.28
1722,2018-03-31,0.43
1722,2018-06-30,0.67
1722,2018-09-30,0.58
1722,2018-12-31,0.65
1722,2019-03-31,0.56
1722,2019-06-30,0.54
1722,2019-09-30,0.48
1722,2019-12-31,0.53
1722,2020-03-31,1.21
1722,2020-06-30,0.41
1722,2020-09-30,0.51
1722,2020-12-31,0.37
1722,2021-03-31,0.76
1722,2021-06-30,0.78
1722,2021-09-30,0.8
1722,2021-12-31,0.76
1722,2022-03-31,0.79
1722,2022-06-30,0.79
1722,2022-09-30,0.64
1722,2022-12-31,0.5
1722,2023-03-31,0.52
1722,2023-06-30,2.65
1722,2023-09-30,0.62
1722,2023-12-31,0.21
1722,2024-03-31,0.33
1722,2024-06-30,0.46
1722,2024-09-30,0.75
1722,2024-12-31,0.47
1722,2025-03-31,0.1
1722,2025-06-30,0.44
1722,2025-09-30,0.57
1723,2017-03-31,1.14
1723,2017-06-30,1.16
1723,2017-09-30,1.31
1723,2017-12-31,1.39
1723,2018-03-31,1.4
1723,2018-06-30,1.63
1723,2018-09-30,1.91
1723,2018-12-31,1.56
1723,2019-03-31,1.68
1723,2019-06-30,1.45
1723,2019-09-30,1.78
1723,2019-12-31,0.66
1723,2020-03-31,0.78
1723,2020-06-30,0.71
1723,2020-09-30,0.7
1723,2020-12-31,0.9
1723,2021-03-31,1.01
1723,2021-06-30,1.25
1723,2021-09-30,1.42
1723,2021-12-31,1.05
1723,2022-03-31,1.48
1723,2022-06-30,2.4
1723,2022-09-30,1.94
1723,2022-12-31,1.51
1723,2023-03-31,1.4
1723,2023-06-30,2.08
1723,2023-09-30,1.45
1723,2023-12-31,1.25
1723,2024-03-31,1.2
1723,2024-06-30,1.48
1723,2024-09-30,1.49
1723,2024-12-31,1.03
1723,2025-03-31,0.94
1723,2025-06-30,0.67
1723,2025-09-30,0.53
1723,2025-12-31,0.51
1725,2017-03-31,0.14
1725,2017-06-30,0.21
1725,2017-09-30,0.64
1725,2017-12-31,0.2
1725,2018-03-31,0.22
1725,2018-06-30,0.27
1725,2018-09-30,0.56
1725,2018-12-31,0.15
1725,2019-03-31,0.21
1725,2019-06-30,0.14
1725,2019-09-30,0.62
1725,2019-12-31,0.1
1725,2020-03-31,0.06
1725,2020-06-30,0.16
1725,2020-09-30,0.59
1725,2020-12-31,0.56
1725,2021-03-31,0.3
1725,2021-06-30,0.28
1725,2021-09-30,0.77
1725,2021-12-31,0.41
1725,2022-03-31,0.29
1725,2022-06-30,0.05
1725,2022-09-30,0.98
1725,2022-12-31,0.08
1725,2023-03-31,0.11
1725,2023-06-30,0.22
1725,2023-09-30,0.68
1725,2023-12-31,0.09
1725,2024-03-31,0.25
1725,2024-06-30,0.34
1725,2024-09-30,1.08
1725,2024-12-31,0.24
1725,2025-03-31,0.14
1725,2025-06-30,-0.06
1725,2025-09-30,1.29
1726,2017-03-31,1.3
1726,2017-06-30,1.29
1726,2017-09-30,1.03
1726,2017-12-31,1.26
1726,2018-03-31,1.15
1726,2018-06-30,1.45
1726,2018-09-30,1.14
1726,2018-12-31,0.87
1726,2019-03-31,0.88
1726,2019-06-30,0.97
1726,2019-09-30,1.0
1726,2019-12-31,1.36
1726,2020-03-31,1.13
1726,2020-06-30,1.21
1726,2020-09-30,1.39
1726,2020-12-31,1.4
1726,2021-03-31,1.76
1726,2021-06-30,1.26
1726,2021-09-30,1.36
1726,2021-12-31,1.07
1726,2022-03-31,1.35
1726,2022-06-30,1.26
1726,2022-09-30,1.07
1726,2022-12-31,1.35
1726,2023-03-31,1.3
1726,2023-06-30,1.17
1726,2023-09-30,1.35
1726,2023-12-31,1.31
1726,2024-03-31,1.48
1726,2024-06-30,1.18
1726,2024-09-30,1.16
1726,2024-12-31,1.46
1726,2025-03-31,1.6
1726,2025-06-30,1.16
1726,2025-09-30,1.52
1727,2017-03-31,0.1
1727,2017-06-30,0.16
1727,2017-09-30,0.27
1727,2017-12-31,0.31
1727,2018-03-31,0.26
1727,2018-06-30,0.25
1727,2018-09-30,0.2
1727,2018-12-31,0.19
1727,2019-03-31,-0.04
1727,2019-06-30,0.1
1727,2019-09-30,0.14
1727,2019-12-31,0.1
1727,2020-03-31,-1.12
1727,2020-06-30,-0.19
1727,2020-09-30,-0.13
1727,2020-12-31,0.18
1727,2021-03-31,0.35
1727,2021-06-30,0.57
1727,2021-09-30,0.35
1727,2021-12-31,0.59
1727,2022-03-31,0.37
1727,2022-06-30,0.31
1727,2022-09-30,-0.09
1727,2022-12-31,0.52
1727,2023-03-31,0.27
1727,2023-06-30,0.15
1727,2023-09-30,0.06
1727,2023-12-31,-0.09
1727,2024-03-31,-0.01
1727,2024-06-30,0.23
1727,2024-09-30,0.23
1727,2024-12-31,0.06
1727,2025-03-31,-0.05
1727,2025-06-30,0.06
1727,2025-09-30,0.02
1730,2017-03-31,0.76
1730,2017-06-30,0.74
1730,2017-09-30,0.91
1730,2017-12-31,0.72
1730,2018-03-31,0.77
1730,2018-06-30,1.03
1730,2018-09-30,1.53
1730,2018-12-31,1.63
1730,2019-03-31,1.99
1730,2019-06-30,1.59
1730,2019-09-30,1.04
1730,2019-12-31,0.75
1730,2020-03-31,1.24
1730,2020-06-30,1.14
1730,2020-09-30,2.55
1730,2020-12-31,0.58
1730,2021-03-31,1.39
1730,2021-06-30,0.73
1730,2021-09-30,1.2
1730,2021-12-31,0.82
1730,2022-03-31,1.39
1730,2022-06-30,0.87
1730,2022-09-30,1.06
1730,2022-12-31,0.69
1730,2023-03-31,1.16
1730,2023-06-30,0.86
1730,2023-09-30,0.81
1730,2023-12-31,0.82
1730,2024-03-31,0.82
1730,2024-06-30,1.04
1730,2024-09-30,1.08
1730,2024-12-31,1.01
1730,2025-03-31,1.35
1730,2025-06-30,0.88
1730,2025-09-30,1.19
1730,2025-12-31,1.08
1731,2017-03-31,0.16
1731,2017-06-30,0.15
1731,2017-09-30,0.27
1731,2017-12-31,0.07
1731,2018-03-31,0.21
1731,2018-06-30,0.19
1731,2018-09-30,0.24
1731,2018-12-31,-0.07
1731,2019-03-31,0.31
1731,2019-06-30,0.22
1731,2019-09-30,0.21
1731,2019-12-31,0.02
1731,2020-03-31,0.27
1731,2020-06-30,0.51
1731,2020-09-30,0.37
1731,2020-12-31,0.14
1731,2021-03-31,0.35
1731,2021-06-30,0.4
1731,2021-09-30,0.34
1731,2021-12-31,0.15
1731,2022-03-31,0.37
1731,2022-06-30,0.34
1731,2022-09-30,0.34
1731,2022-12-31,0.17
1731,2023-03-31,0.4
1731,2023-06-30,0.36
1731,2023-09-30,0.3
1731,2023-12-31,0.21
1731,2024-03-31,0.44
1731,2024-06-30,0.35
1731,2024-09-30,0.3
1731,2024-12-31,0.21
1731,2025-03-31,0.4
1731,2025-06-30,0.39
1731,2025-09-30,0.31
1731,2025-12-31,0.26
1732,2017-03-31,-0.08
1732,2017-06-30,0.03
1732,2017-09-30,0.08
1732,2017-12-31,0.14
1732,2018-03-31,0.04
1732,2018-06-30,-0.01
1732,2018-09-30,-0.03
1732,2018-12-31,0.16
1732,2019-03-31,0.12
1732,2019-06-30,0.04
1732,2019-09-30,0.19
1732,2019-12-31,0.24
1732,2020-03-31,0.31
1732,2020-06-30,0.26
1732,2020-09-30,0.02
1732,2020-12-31,0.32
1732,2021-03-31,0.15
1732,2021-06-30,0.24
1732,2021-09-30,-0.01
1732,2021-12-31,0.08
1732,2022-03-31,0.03
1732,2022-06-30,0.15
1732,2022-09-30,0.06
1732,2022-12-31,-0.12
1732,2023-03-31,-0.05
1732,2023-06-30,0.02
1732,2023-09-30,0.01
1732,2023-12-31,-0.12
1732,2024-03-31,0.11
1732,2024-06-30,0.12
1732,2024-09-30,0.08
1732,2024-12-31,-0.01
1732,2025-03-31,0.15
1732,2025-06-30,-0.08
1732,2025-09-30,0.3
1733,2017-03-31,-0.39
1733,2017-06-30,0.58
1733,2017-09-30,0.22
1733,2017-12-31,0.45
1733,2018-03-31,0.17
1733,2018-06-30,0.45
1733,2018-09-30,0.71
1733,2018-12-31,-0.38
1733,2019-03-31,0.22
1733,2019-06-30,0.28
1733,2019-09-30,-0.17
1733,2019-12-31,0.81
1733,2020-03-31,0.12
1733,2020-06-30,0.27
1733,2020-09-30,0.23
1733,2020-12-31,0.33
1733,2021-03-31,0.34
1733,2021-06-30,0.23
1733,2021-09-30,0.64
1733,2021-12-31,0.82
1733,2022-03-31,0.46
1733,2022-06-30,0.29
1733,2022-09-30,0.64
1733,2022-12-31,0.43
1733,2023-03-31,0.36
1733,2023-06-30,0.27
1733,2023-09-30,0.38
1733,2023-12-31,0.15
1733,2024-03-31,0.29
1733,2024-06-30,0.27
1733,2024-09-30,0.34
1733,2024-12-31,0.38
1733,2025-03-31,0.62
1733,2025-06-30,0.29
1733,2025-09-30,0.22
1734,2017-03-31,-0.05
1734,2017-06-30,0.05
1734,2017-09-30,0.09
1734,2017-12-31,0.13
1734,2018-03-31,0.1
1734,2018-06-30,-0.01
1734,2018-09-30,-0.08
1734,2018-12-31,0.04
1734,2019-03-31,0.09
1734,2019-06-30,-0.15
1734,2019-09-30,-0.06
1734,2019-12-31,0.2
1734,2020-03-31,0.16
1734,2020-06-30,0.05
1734,2020-09-30,-0.06
1734,2020-12-31,-0.32
1734,2021-03-31,0.03
1734,2021-06-30,0.03
1734,2021-09-30,-0.2
1734,2021-12-31,-0.09
1734,2022-03-31,0.35
1734,2022-06-30,0.52
1734,2022-09-30,0.4
1734,2022-12-31,0.07
1734,2023-03-31,0.48
1734,2023-06-30,0.65
1734,2023-09-30,0.45
1734,2023-12-31,0.66
1734,2024-03-31,0.66
1734,2024-06-30,0.39
1734,2024-09-30,0.18
1734,2024-12-31,0.45
1734,2025-03-31,0.62
1734,2025-06-30,0.38
1734,2025-09-30,0.39
1735,2017-03-31,0.02
1735,2017-06-30,0.06
1735,2017-09-30,0.29
1735,2017-12-31,0.26
1735,2018-03-31,0.04
1735,2018-06-30,-0.01
1735,2018-09-30,0.01
1735,2018-12-31,0.06
1735,2019-03-31,0.26
1735,2019-06-30,0.26
1735,2019-09-30,0.44
1735,2019-12-31,0.23
1735,2020-03-31,0.33
1735,2020-06-30,-0.44
1735,2020-09-30,0.34
1735,2020-12-31,0.51
1735,2021-03-31,0.02
1735,2021-06-30,0.11
1735,2021-09-30,-0.03
1735,2021-12-31,0.0
1735,2022-03-31,-0.08
1735,2022-06-30,0.17
1735,2022-09-30,0.04
1735,2022-12-31,0.22
1735,2023-03-31,0.21
1735,2023-06-30,0.01
1735,2023-09-30,0.3
1735,2023-12-31,0.24
1735,2024-03-31,0.3
1735,2024-06-30,0.23
1735,2024-09-30,0.19
1735,2024-12-31,0.25
1735,2025-03-31,0.17
1735,2025-06-30,-0.17
1735,2025-09-30,0.2
1736,2017-03-31,-0.2
1736,2017-06-30,-0.72
1736,2017-09-30,0.23
1736,2017-12-31,1.12
1736,2018-03-31,-0.65
1736,2018-06-30,-0.48
1736,2018-09-30,0.63
1736,2018-12-31,1.79
1736,2019-03-31,0.09
1736,2019-06-30,0.73
1736,2019-09-30,1.12
1736,2019-12-31,2.32
1736,2020-03-31,-0.83
1736,2020-06-30,-0.03
1736,2020-09-30,1.49
1736,2020-12-31,1.61
1736,2021-03-31,0.22
1736,2021-06-30,0.01
1736,2021-09-30,-1.67
1736,2021-12-31,1.57
1736,2022-03-31,0.27
1736,2022-06-30,-1.35
1736,2022-09-30,0.73
1736,2022-12-31,1.77
1736,2023-03-31,-2.14
1736,2023-06-30,1.11
1736,2023-09-30,1.22
1736,2023-12-31,2.15
1736,2024-03-31,-0.46
1736,2024-06-30,0.97
1736,2024-09-30,1.57
1736,2024-12-31,5.94
1736,2025-03-31,0.91
1736,2025-06-30,0.37
1736,2025-09-30,2.13
1737,2017-03-31,0.33
1737,2017-06-30,0.57
1737,2017-09-30,0.55
1737,2017-12-31,0.32
1737,2018-03-31,0.44
1737,2018-06-30,1.06
1737,2018-09-30,0.44
1737,2018-12-31,0.32
1737,2019-03-31,0.48
1737,2019-06-30,0.45
1737,2019-09-30,0.42
1737,2019-12-31,0.38
1737,2020-03-31,0.33
1737,2020-06-30,0.41
1737,2020-09-30,0.48
1737,2020-12-31,0.61
1737,2021-03-31,0.51
1737,2021-06-30,0.54
1737,2021-09-30,0.5
1737,2021-12-31,0.42
1737,2022-03-31,0.64
1737,2022-06-30,0.23
1737,2022-09-30,0.81
1737,2022-12-31,0.45
1737,2023-03-31,0.54
1737,2023-06-30,0.19
1737,2023-09-30,0.76
1737,2023-12-31,0.01
1737,2024-03-31,0.52
1737,2024-06-30,0.5
1737,2024-09-30,0.45
1737,2024-12-31,0.39
1737,2025-03-31,0.49
1737,2025-06-30,0.43
1737,2025-09-30,0.36
1752,2017-03-31,0.64
1752,2017-06-30,0.36
1752,2017-09-30,0.33
1752,2017-12-31,0.51
1752,2018-03-31,0.37
1752,2018-06-30,0.3
1752,2018-09-30,0.1
1752,2018-12-31,0.23
1752,2019-03-31,0.35
1752,2019-06-30,0.42
1752,2019-09-30,0.6
1752,2019-12-31,0.8
1752,2020-03-31,0.62
1752,2020-06-30,0.43
1752,2020-09-30,0.29
1752,2020-12-31,0.48
1752,2021-03-31,0.44
1752,2021-06-30,0.54
1752,2021-09-30,0.45
1752,2021-12-31,0.51
1752,2022-03-31,0.41
1752,2022-06-30,0.73
1752,2022-09-30,0.74
1752,2022-12-31,1.61
1752,2023-03-31,0.93
1752,2023-06-30,0.92
1752,2023-09-30,0.46
1752,2023-12-31,-0.35
1752,2024-03-31,0.54
1752,2024-06-30,0.44
1752,2024-09-30,0.57
1752,2024-12-31,0.86
1752,2025-03-31,0.71
1752,2025-06-30,0.52
1752,2025-09-30,0.46
1752,2025-12-31,0.73
1760,2017-06-30,0.73
1760,2017-09-30,0.39
1760,2017-12-31,0.21
1760,2018-03-31,0.07
1760,2018-06-30,0.53
1760,2018-09-30,0.28
1760,2018-12-31,1.21
1760,2019-03-31,0.52
1760,2019-06-30,0.6
1760,2019-09-30,0.24
1760,2019-12-31,0.74
1760,2020-03-31,0.01
1760,2020-06-30,-0.1
1760,2020-09-30,-0.04
1760,2020-12-31,0.49
1760,2021-03-31,-0.32
1760,2021-06-30,0.97
1760,2021-09-30,0.77
1760,2021-12-31,-0.1
1760,2022-03-31,0.46
1760,2022-06-30,1.88
1760,2022-09-30,0.91
1760,2022-12-31,-1.12
1760,2023-03-31,0.26
1760,2023-06-30,0.21
1760,2023-09-30,0.09
1760,2023-12-31,0.34
1760,2024-03-31,0.51
1760,2024-06-30,0.24
1760,2024-09-30,0.32
1760,2024-12-31,0.38
1760,2025-03-31,0.33
1760,2025-06-30,0.44
1760,2025-09-30,0.88
1762,2017-03-31,-0.15
1762,2017-06-30,-0.16
1762,2017-09-30,0.8
1762,2017-12-31,0.62
1762,2018-03-31,0.05
1762,2018-06-30,0.19
1762,2018-09-30,2.83
1762,2018-12-31,-0.05
1762,2019-03-31,0.53
1762,2019-06-30,0.17
1762,2019-09-30,0.33
1762,2019-12-31,0.48
1762,2020-03-31,0.36
1762,2020-06-30,4.78
1762,2020-09-30,0.45
1762,2020-12-31,1.27
1762,2021-03-31,1.27
1762,2021-06-30,1.63
1762,2021-09-30,1.09
1762,2021-12-31,1.18
1762,2022-03-31,1.65
1762,2022-06-30,1.9
1762,2022-09-30,1.56
1762,2022-12-31,0.9
1762,2023-03-31,2.31
1762,2023-06-30,0.38
1762,2023-09-30,0.16
1762,2023-12-31,0.57
1762,2024-03-31,0.52
1762,2024-06-30,0.27
1762,2024-09-30,-0.1
1762,2024-12-31,0.26
1762,2025-03-31,0.13
1762,2025-06-30,-1.21
1762,2025-09-30,-0.76
1773,2017-03-31,1.32
1773,2017-06-30,1.44
1773,2017-09-30,1.56
1773,2017-12-31,1.54
1773,2018-03-31,1.37
1773,2018-06-30,1.65
1773,2018-09-30,1.65
1773,2018-12-31,1.53
1773,2019-03-31,1.22
1773,2019-06-30,1.35
1773,2019-09-30,1.64
1773,2019-12-31,1.69
1773,2020-03-31,1.81
1773,2020-06-30,1.28
1773,2020-09-30,1.62
1773,2020-12-31,1.81
1773,2021-03-31,2.1
1773,2021-06-30,2.41
1773,2021-09-30,1.5
1773,2021-12-31,2.07
1773,2022-03-31,2.4
1773,2022-06-30,1.47
1773,2022-09-30,1.9
1773,2022-12-31,1.53
1773,2023-03-31,1.47
1773,2023-06-30,1.64
1773,2023-09-30,1.55
1773,2023-12-31,1.65
1773,2024-03-31,1.6
1773,2024-06-30,1.85
1773,2024-09-30,1.91
1773,2024-12-31,1.85
1773,2025-03-31,1.9
1773,2025-06-30,1.28
1773,2025-09-30,1.83
1776,2017-03-31,0.02
1776,2017-06-30,0.59
1776,2017-09-30,0.17
1776,2017-12-31,0.57
1776,2018-03-31,-0.12
1776,2018-06-30,-0.12
1776,2018-09-30,-0.08
1776,2018-12-31,-0.17
1776,2019-03-31,0.09
1776,2019-06-30,0.37
1776,2019-09-30,0.19
1776,2019-12-31,0.21
1776,2020-03-31,0.14
1776,2020-06-30,-0.03
1776,2020-09-30,0.23
1776,2020-12-31,0.31
1776,2021-03-31,0.3
1776,2021-06-30,1.78
1776,2021-09-30,0.11
1776,2021-12-31,-0.14
1776,2022-03-31,0.26
1776,2022-06-30,-0.01
1776,2022-09-30,0.0
1776,2022-12-31,0.02
1776,2023-03-31,0.08
1776,2023-06-30,-0.05
1776,2023-09-30,0.09
1776,2023-12-31,0.27
1776,2024-03-31,0.24
1776,2024-06-30,0.17
1776,2024-09-30,0.24
1776,2024-12-31,0.13
1776,2025-03-31,0.14
1776,2025-06-30,-0.11
1776,2025-09-30,0.02
1783,2017-03-31,-0.06
1783,2017-06-30,0.13
1783,2017-09-30,0.11
1783,2017-12-31,0.05
1783,2018-03-31,0.12
1783,2018-06-30,0.34
1783,2018-09-30,0.26
1783,2018-12-31,0.1
1783,2019-03-31,0.1
1783,2019-06-30,0.38
1783,2019-09-30,0.28
1783,2019-12-31,0.11
1783,2020-03-31,0.15
1783,2020-06-30,0.29
1783,2020-09-30,0.18
1783,2020-12-31,0.29
1783,2021-03-31,0.31
1783,2021-06-30,0.31
1783,2021-09-30,0.42
1783,2021-12-31,0.17
1783,2022-03-31,0.27
1783,2022-06-30,0.43
1783,2022-09-30,0.55
1783,2022-12-31,0.4
1783,2023-03-31,0.52
1783,2023-06-30,0.74
1783,2023-09-30,0.41
1783,2023-12-31,0.19
1783,2024-03-31,0.32
1783,2024-06-30,0.67
1783,2024-09-30,0.56
1783,2024-12-31,0.58
1783,2025-03-31,0.53
1783,2025-06-30,0.65
1783,2025-09-30,0.84
1786,2017-03-31,-0.04
1786,2017-06-30,0.02
1786,2017-09-30,0.01
1786,2017-12-31,0.34
1786,2018-03-31,0.69
1786,2018-06-30,0.07
1786,2018-09-30,0.3
1786,2018-12-31,0.6
1786,2019-03-31,0.53
1786,2019-06-30,0.42
1786,2019-09-30,0.45
1786,2019-12-31,0.69
1786,2020-03-31,0.63
1786,2020-06-30,0.38
1786,2020-09-30,0.51
1786,2020-12-31,0.58
1786,2021-03-31,0.4
1786,2021-06-30,0.52
1786,2021-09-30,0.23
1786,2021-12-31,0.39
1786,2022-03-31,0.41
1786,2022-06-30,0.6
1786,2022-09-30,0.68
1786,2022-12-31,0.45
1786,2023-03-31,0.5
1786,2023-06-30,0.76
1786,2023-09-30,0.82
1786,2023-12-31,0.58
1786,2024-03-31,0.76
1786,2024-06-30,1.0
1786,2024-09-30,0.82
1786,2024-12-31,0.93
1786,2025-03-31,0.79
1786,2025-06-30,-0.22
1786,2025-09-30,0.81
1789,2017-03-31,0.22
1789,2017-06-30,0.11
1789,2017-09-30,0.13
1789,2017-12-31,0.07
1789,2018-03-31,0.17
1789,2018-06-30,0.17
1789,2018-09-30,0.1
1789,2018-12-31,0.12
1789,2019-03-31,0.1
1789,2019-06-30,0.07
1789,2019-09-30,0.04
1789,2019-12-31,0.06
1789,2020-03-31,0.04
1789,2020-06-30,0.21
1789,2020-09-30,0.1
1789,2020-12-31,0.01
1789,2021-03-31,0.11
1789,2021-06-30,0.12
1789,2021-09-30,0.01
1789,2021-12-31,0.07
1789,2022-03-31,0.1
1789,2022-06-30,0.14
1789,2022-09-30,0.08
1789,2022-12-31,0.13
1789,2023-03-31,0.05
1789,2023-06-30,0.08
1789,2023-09-30,0.03
1789,2023-12-31,0.2
1789,2024-03-31,0.18
1789,2024-06-30,0.09
1789,2024-09-30,0.04
1789,2024-12-31,0.12
1789,2025-03-31,0.06
1789,2025-06-30,0.04
1789,2025-09-30,0.02
1795,2017-03-31,-0.3
1795,2017-06-30,0.14
1795,2017-09-30,0.21
1795,2017-12-31,0.04
1795,2018-03-31,0.07
1795,2018-06-30,-0.24
1795,2018-09-30,0.28
1795,2018-12-31,0.31
1795,2019-03-31,1.16
1795,2019-06-30,0.19
1795,2019-09-30,0.82
1795,2019-12-31,0.57
1795,2020-03-31,0.54
1795,2020-06-30,1.23
1795,2020-09-30,1.15
1795,2020-12-31,1.3
1795,2021-03-31,1.85
1795,2021-06-30,1.36
1795,2021-09-30,1.33
1795,2021-12-31,0.96
1795,2022-03-31,1.72
1795,2022-06-30,1.25
1795,2022-09-30,7.99
1795,2022-12-31,0.63
1795,2023-03-31,4.58
1795,2023-06-30,4.85
1795,2023-09-30,4.76
1795,2023-12-31,1.53
1795,2024-03-31,3.96
1795,2024-06-30,5.09
1795,2024-09-30,5.98
1795,2024-12-31,4.32
1795,2025-03-31,5.47
1795,2025-06-30,2.82
1795,2025-09-30,5.53
1802,2017-03-31,0.0
1802,2017-06-30,0.14
1802,2017-09-30,0.27
1802,2017-12-31,0.32
1802,2018-03-31,0.26
1802,2018-06-30,0.13
1802,2018-09-30,-0.03
1802,2018-12-31,0.01
1802,2019-03-31,-0.1
1802,2019-06-30,-0.26
1802,2019-09-30,-0.15
1802,2019-12-31,0.01
1802,2020-03-31,-0.29
1802,2020-06-30,-0.11
1802,2020-09-30,0.48
1802,2020-12-31,0.77
1802,2021-03-31,0.61
1802,2021-06-30,1.04
1802,2021-09-30,1.22
1802,2021-12-31,1.08
1802,2022-03-31,0.39
1802,2022-06-30,0.21
1802,2022-09-30,-0.51
1802,2022-12-31,-0.34
1802,2023-03-31,-0.29
1802,2023-06-30,-0.01
1802,2023-09-30,0.11
1802,2023-12-31,0.2
1802,2024-03-31,-0.09
1802,2024-06-30,-0.06
1802,2024-09-30,-0.37
1802,2024-12-31,-0.02
1802,2025-03-31,-0.13
1802,2025-06-30,-0.3
1802,2025-09-30,0.1
1805,2017-03-31,-0.21
1805,2017-06-30,-0.29
1805,2017-09-30,-0.21
1805,2017-12-31,0.68
1805,2018-03-31,-0.14
1805,2018-06-30,-0.31
1805,2018-09-30,-0.42
1805,2018-12-31,-0.3
1805,2019-03-31,-0.24
1805,2019-06-30,-0.27
1805,2019-09-30,-0.19
1805,2019-12-31,-0.21
1805,2020-03-31,-0.14
1805,2020-06-30,-0.15
1805,2020-09-30,-0.15
1805,2020-12-31,-0.18
1805,2021-03-31,-0.15
1805,2021-06-30,-0.06
1805,2021-09-30,-0.06
1805,2021-12-31,-0.07
1805,2022-03-31,-0.21
1805,2022-06-30,-0.15
1805,2022-09-30,-0.13
1805,2022-12-31,-0.45
1805,2023-03-31,-0.31
1805,2023-06-30,-0.14
1805,2023-09-30,-0.21
1805,2023-12-31,-0.89
1805,2024-03-31,0.2
1805,2024-06-30,0.42
1805,2024-09-30,0.17
1805,2024-12-31,2.17
1805,2025-03-31,0.23
1805,2025-06-30,-0.09
1805,2025-09-30,-0.08
1806,2017-03-31,-0.49
1806,2017-06-30,0.13
1806,2017-09-30,0.14
1806,2017-12-31,0.01
1806,2018-03-31,-0.66
1806,2018-06-30,0.02
1806,2018-09-30,-0.29
1806,2018-12-31,-0.39
1806,2019-03-31,-0.71
1806,2019-06-30,0.04
1806,2019-09-30,-0.14
1806,2019-12-31,-0.17
1806,2020-03-31,-0.62
1806,2020-06-30,-0.62
1806,2020-09-30,0.05
1806,2020-12-31,0.26
1806,2021-03-31,-0.39
1806,2021-06-30,-0.04
1806,2021-09-30,2.62
1806,2021-12-31,0.1
1806,2022-03-31,-0.03
1806,2022-06-30,-0.15
1806,2022-09-30,0.13
1806,2022-12-31,-0.4
1806,2023-03-31,-0.08
1806,2023-06-30,-0.07
1806,2023-09-30,0.15
1806,2023-12-31,0.0
1806,2024-03-31,0.03
1806,2024-06-30,0.01
1806,2024-09-30,0.18
1806,2024-12-31,0.09
1806,2025-03-31,0.04
1806,2025-06-30,0.03
1806,2025-09-30,0.16
1808,2017-03-31,0.02
1808,2017-06-30,0.15
1808,2017-09-30,0.59
1808,2017-12-31,1.62
1808,2018-03-31,3.82
1808,2018-06-30,2.5
1808,2018-09-30,1.47
1808,2018-12-31,0.32
1808,2019-03-31,0.09
1808,2019-06-30,-0.34
1808,2019-09-30,-0.3
1808,2019-12-31,2.68
1808,2020-03-31,-0.39
1808,2020-06-30,0.07
1808,2020-09-30,0.37
1808,2020-12-31,0.27
1808,2021-03-31,1.24
1808,2021-06-30,0.81
1808,2021-09-30,0.68
1808,2021-12-31,1.53
1808,2022-03-31,0.11
1808,2022-06-30,0.0
1808,2022-09-30,-0.25
1808,2022-12-31,0.49
1808,2023-03-31,1.89
1808,2023-06-30,3.01
1808,2023-09-30,9.2
1808,2023-12-31,2.98
1808,2024-03-31,0.75
1808,2024-06-30,3.82
1808,2024-09-30,-2.05
1808,2024-12-31,-0.24
1808,2025-03-31,-0.15
1808,2025-06-30,-0.08
1808,2025-09-30,-0.14
1809,2017-03-31,-0.22
1809,2017-06-30,0.15
1809,2017-09-30,0.09
1809,2017-12-31,-0.11
1809,2018-03-31,-0.19
1809,2018-06-30,0.17
1809,2018-09-30,0.1
1809,2018-12-31,-0.08
1809,2019-03-31,-0.18
1809,2019-06-30,0.06
1809,2019-09-30,-0.02
1809,2019-12-31,-0.1
1809,2020-03-31,-0.14
1809,2020-06-30,-0.14
1809,2020-09-30,0.06
1809,2020-12-31,-0.14
1809,2021-03-31,0.08
1809,2021-06-30,0.05
1809,2021-09-30,0.04
1809,2021-12-31,0.08
1809,2022-03-31,0.1
1809,2022-06-30,0.21
1809,2022-09-30,0.23
1809,2022-12-31,-0.16
1809,2023-03-31,-0.08
1809,2023-06-30,0.02
1809,2023-09-30,0.01
1809,2023-12-31,-0.05
1809,2024-03-31,0.11
1809,2024-06-30,0.04
1809,2024-09-30,0.12
1809,2024-12-31,0.06
1809,2025-03-31,0.05
1809,2025-06-30,0.04
1809,2025-09-30,0.02
1810,2017-03-31,0.06
1810,2017-06-30,0.07
1810,2017-09-30,0.15
1810,2017-12-31,0.18
1810,2018-03-31,-0.01
1810,2018-06-30,-0.05
1810,2018-09-30,-0.03
1810,2018-12-31,-0.09
1810,2019-03-31,-0.1
1810,2019-06-30,-0.01
1810,2019-09-30,0.19
1810,2019-12-31,0.05
1810,2020-03-31,0.0
1810,2020-06-30,0.11
1810,2020-09-30,0.01
1810,2020-12-31,0.12
1810,2021-03-31,-0.03
1810,2021-06-30,0.18
1810,2021-09-30,2.88
1810,2021-12-31,0.3
1810,2022-03-31,0.26
1810,2022-06-30,0.14
1810,2022-09-30,0.03
1810,2022-12-31,0.03
1810,2023-03-31,-0.04
1810,2023-06-30,0.03
1810,2023-09-30,-0.05
1810,2023-12-31,0.12
1810,2024-03-31,-0.06
1810,2024-06-30,0.09
1810,2024-09-30,0.16
1810,2024-12-31,0.0
1810,2025-03-31,-0.09
1810,2025-06-30,0.09
1810,2025-09-30,0.04
1817,2017-03-31,0.66
1817,2017-06-30,0.88
1817,2017-09-30,0.94
1817,2017-12-31,1.1
1817,2018-03-31,0.78
1817,2018-06-30,0.81
1817,2018-09-30,0.81
1817,2018-12-31,1.1
1817,2019-03-31,0.57
1817,2019-06-30,0.48
1817,2019-09-30,0.65
1817,2019-12-31,0.78
1817,2020-03-31,0.48
1817,2020-06-30,0.69
1817,2020-09-30,1.0
1817,2020-12-31,0.87
1817,2021-03-31,0.74
1817,2021-06-30,0.78
1817,2021-09-30,0.67
1817,2021-12-31,0.88
1817,2022-03-31,0.78
1817,2022-06-30,1.01
1817,2022-09-30,1.14
1817,2022-12-31,1.11
1817,2023-03-31,0.46
1817,2023-06-30,0.64
1817,2023-09-30,0.82
1817,2023-12-31,1.35
1817,2024-03-31,0.93
1817,2024-06-30,1.12
1817,2024-09-30,1.01
1817,2024-12-31,1.31
1817,2025-03-31,0.63
1817,2025-06-30,0.91
1817,2025-09-30,1.21
1903,2017-03-31,-0.19
1903,2017-06-30,-0.19
1903,2017-09-30,-0.06
1903,2017-12-31,-0.22
1903,2018-03-31,-0.14
1903,2018-06-30,-0.22
1903,2018-09-30,-0.15
1903,2018-12-31,-0.13
1903,2019-03-31,-0.15
1903,2019-06-30,-0.21
1903,2019-09-30,-0.14
1903,2019-12-31,-0.19
1903,2020-03-31,-0.18
1903,2020-06-30,-0.17
1903,2020-09-30,-0.03
1903,2020-12-31,-0.14
1903,2021-03-31,0.38
1903,2021-06-30,0.04
1903,2021-09-30,0.01
1903,2021-12-31,-0.11
1903,2022-03-31,-0.11
1903,2022-06-30,-0.13
1903,2022-09-30,1.2
1903,2022-12-31,-0.15
1903,2023-03-31,-0.14
1903,2023-06-30,-0.09
1903,2023-09-30,0.63
1903,2023-12-31,-0.07
1903,2024-03-31,-0.05
1903,2024-06-30,-0.07
1903,2024-09-30,0.12
1903,2024-12-31,-0.08
1903,2025-03-31,-0.07
1903,2025-06-30,-0.15
1903,2025-09-30,0.76
1904,2017-03-31,0.32
1904,2017-06-30,0.31
1904,2017-09-30,0.28
1904,2017-12-31,0.38
1904,2018-03-31,1.77
1904,2018-06-30,0.63
1904,2018-09-30,0.66
1904,2018-12-31,0.32
1904,2019-03-31,0.4
1904,2019-06-30,0.36
1904,2019-09-30,0.62
1904,2019-12-31,0.7
1904,2020-03-31,0.81
1904,2020-06-30,0.73
1904,2020-09-30,0.82
1904,2020-12-31,1.0
1904,2021-03-31,1.12
1904,2021-06-30,1.04
1904,2021-09-30,0.7
1904,2021-12-31,0.72
1904,2022-03-31,0.67
1904,2022-06-30,1.12
1904,2022-09-30,0.2
1904,2022-12-31,0.28
1904,2023-03-31,0.31
1904,2023-06-30,-0.02
1904,2023-09-30,0.12
1904,2023-12-31,0.42
1904,2024-03-31,0.25
1904,2024-06-30,0.14
1904,2024-09-30,0.05
1904,2024-12-31,0.11
1904,2025-03-31,0.08
1904,2025-06-30,-0.05
1904,2025-09-30,0.14
1905,2017-03-31,0.12
1905,2017-06-30,0.15
1905,2017-09-30,0.16
1905,2017-12-31,0.13
1905,2018-03-31,0.04
1905,2018-06-30,0.12
1905,2018-09-30,0.16
1905,2018-12-31,0.08
1905,2019-03-31,0.08
1905,2019-06-30,-0.01
1905,2019-09-30,-0.1
1905,2019-12-31,-0.19
1905,2020-03-31,-0.11
1905,2020-06-30,0.04
1905,2020-09-30,-0.13
1905,2020-12-31,0.02
1905,2021-03-31,0.09
1905,2021-06-30,0.37
1905,2021-09-30,0.14
1905,2021-12-31,-0.15
1905,2022-03-31,-0.05
1905,2022-06-30,0.15
1905,2022-09-30,0.26
1905,2022-12-31,0.05
1905,2023-03-31,-0.16
1905,2023-06-30,-0.34
1905,2023-09-30,-0.17
1905,2023-12-31,0.14
1905,2024-03-31,0.04
1905,2024-06-30,-0.17
1905,2024-09-30,0.07
1905,2024-12-31,-0.17
1905,2025-03-31,-0.31
1905,2025-06-30,-0.26
1905,2025-09-30,-0.28
